time,ynoisy-noise,ynoisy-signalChange,outliernoisy
0.0,0.09961490700595456,0.09961490700595456,0
0.0008333333333333334,0.08894704315398298,0.08894704315398298,0
0.0016666666666666668,0.07391087562383167,0.07391087562383167,0
0.0025,0.05930751959632581,0.05930751959632581,0
0.0033333333333333335,0.0364380631622787,0.0364380631622787,0
0.004166666666666667,0.01780356819287603,0.01780356819287603,0
0.005,-9.492882461373687e-05,-9.492882461373687e-05,0
0.005833333333333334,-0.020056415984167183,-0.020056415984167183,0
0.006666666666666667,-0.02767990518980771,-0.02767990518980771,0
0.007500000000000001,-0.05196443141441933,-0.05196443141441933,0
0.008333333333333333,-0.06390905198717575,-0.06390905198717575,0
0.009166666666666667,-0.07981284590827344,-0.07981284590827344,0
0.01,-0.09787491318972069,-0.09787491318972069,0
0.010833333333333334,-0.11839437422100467,-0.11839437422100467,0
0.011666666666666667,-0.12227036915851347,-0.12227036915851347,0
0.0125,-0.15160205733766208,-0.15160205733766208,0
0.013333333333333334,-0.16368861670670645,-0.16368861670670645,0
0.014166666666666668,-0.17452924328129998,-0.17452924328129998,0
0.015000000000000001,-0.19002315061888708,-0.19002315061888708,0
0.015833333333333335,-0.22036956931206642,-0.22036956931206642,0
0.016666666666666666,-0.23796774650012076,-0.23796774650012076,0
0.0175,-0.24621694539792327,-0.24621694539792327,0
0.018333333333333333,-0.27071644484149754,-0.27071644484149754,0
0.01916666666666667,-0.27996553884951764,-0.27996553884951764,0
0.02,-0.31026353620009106,-0.31026353620009106,0
0.020833333333333336,-0.30920976002218376,-0.30920976002218376,0
0.021666666666666667,-0.3427035474010887,-0.3427035474010887,0
0.022500000000000003,-0.34724424899735523,-0.34724424899735523,0
0.023333333333333334,-0.36293122867864325,-0.36293122867864325,0
0.02416666666666667,-0.3913638631639659,-0.3913638631639659,0
0.025,-0.3950415416798357,-0.3950415416798357,0
0.025833333333333337,-0.41456366562783364,-0.41456366562783364,0
0.02666666666666667,-0.43782964826314863,-0.43782964826314863,0
0.0275,-0.46413891438365595,-0.46413891438365595,0
0.028333333333333335,-0.4711909000291289,-0.4711909000291289,0
0.029166666666666667,-0.49758505219017823,-0.49758505219017823,0
0.030000000000000002,-0.5136208285265546,-0.5136208285265546,0
0.030833333333333334,-0.4943976970944503,-0.4943976970944503,0
0.03166666666666667,-0.5076414518719318,-0.5076414518719318,0
0.0325,-0.5037252651348075,-0.5037252651348075,0
0.03333333333333333,-0.5063486345773524,-0.5063486345773524,0
0.03416666666666667,-0.5096110672828565,-0.5096110672828565,0
0.035,-0.512812079491076,-0.512812079491076,0
0.035833333333333335,-0.5175511963728381,-0.5175511963728381,0
0.03666666666666667,-0.5340279518115426,-0.5340279518115426,0
0.037500000000000006,-0.5282418881913005,-0.5282418881913005,0
0.03833333333333334,-0.5288925561914783,-0.5288925561914783,0
0.03916666666666667,-0.5478795145874069,-0.5478795145874069,0
0.04,-0.5405023300570433,-0.5405023300570433,0
0.04083333333333333,-0.5441605769933692,-0.5441605769933692,0
0.04166666666666667,-0.5496538373223211,-0.5496538373223211,0
0.0425,-0.5537817003260632,-0.5537817003260632,0
0.043333333333333335,-0.5486437624714106,-0.5486437624714106,0
0.04416666666666667,-0.5660396272432249,-0.5660396272432249,0
0.045000000000000005,-0.5604689049826151,-0.5604689049826151,0
0.04583333333333334,-0.5716312127297704,-0.5716312127297704,0
0.04666666666666667,-0.5642261740712732,-0.5642261740712732,0
0.0475,-0.5693534189917361,-0.5693534189917361,0
0.04833333333333334,-0.5759125837296205,-0.5759125837296205,0
0.04916666666666667,-0.583703310637091,-0.583703310637091,0
0.05,-0.5970252480437758,-0.5970252480437758,0
0.050833333333333335,-0.583878050124301,-0.583878050124301,0
0.05166666666666667,-0.5885613767694718,-0.5885613767694718,0
0.052500000000000005,-0.5927748934609863,-0.5927748934609863,0
0.05333333333333334,-0.6085182711495619,-0.6085182711495619,0
0.05416666666666667,-0.6179911861363634,-0.6179911861363634,0
0.055,-0.6189933199576272,-0.6189933199576272,0
0.05583333333333334,-0.6175243592723823,-0.6175243592723823,0
0.05666666666666667,-0.61348399575316,-0.61348399575316,0
0.0575,-0.6177719259796072,-0.6177719259796072,0
0.058333333333333334,-0.6237878513349038,-0.6237878513349038,0
0.05916666666666667,-0.6284314779049003,-0.6284314779049003,0
0.060000000000000005,-0.6425025163798891,-0.6425025163798891,0
0.060833333333333336,-0.6476006819589254,-0.6476006819589254,0
0.06166666666666667,-0.6564256942566232,-0.6564256942566232,0
0.0625,-0.6586772772123449,-0.6586772772123449,0
0.06333333333333334,-0.6479288432122411,-0.6479288432122411,0
0.06416666666666668,-0.41427310703810294,-0.41427310703810294,0
0.065,-0.17934313841488958,-0.17934313841488958,0
0.06583333333333334,0.07556132228173412,0.07556132228173412,0
0.06666666666666667,0.07210719743861169,0.07210719743861169,0
0.0675,0.08942807228298423,0.08942807228298423,0
0.06833333333333334,0.1366432425774941,0.1366432425774941,0
0.06916666666666667,0.1829339051704578,0.1829339051704578,0
0.07,0.24050030092526764,0.24050030092526764,0
0.07083333333333333,0.30004266717184036,0.30004266717184036,0
0.07166666666666667,0.35076123777539425,0.35076123777539425,0
0.07250000000000001,0.39625624320356323,0.39625624320356323,0
0.07333333333333333,0.45162791059189306,0.45162791059189306,0
0.07416666666666667,0.49817646380776703,0.49817646380776703,0
0.07500000000000001,0.5537021235128058,0.5537021235128058,0
0.07583333333333334,0.6078051072237844,0.6078051072237844,0
0.07666666666666667,0.6714856293721112,0.6714856293721112,0
0.0775,0.7179439013619047,0.7179439013619047,0
0.07833333333333334,0.7641801316267123,0.7641801316267123,0
0.07916666666666668,0.8288945256849044,0.8288945256849044,0
0.08,0.8747872861937875,0.8747872861937875,0
0.08083333333333334,0.9421586130024633,0.9421586130024633,0
0.08166666666666667,0.9946087032034735,0.9946087032034735,0
0.0825,1.0400377511832664,1.0400377511832664,0
0.08333333333333334,1.1003459486715081,1.1003459486715081,0
0.08416666666666667,1.1477334847892804,1.1477334847892804,0
0.085,1.1880005460961878,1.1880005460961878,0
0.08583333333333334,1.2096282690173603,1.2096282690173603,0
0.08666666666666667,1.1607787398884721,1.1607787398884721,0
0.08750000000000001,1.1376092807140428,1.1376092807140428,0
0.08833333333333333,1.0842200682580991,1.0842200682580991,0
0.08916666666666667,1.049311276943406,1.049311276943406,0
0.09000000000000001,1.0230830788926348,1.0230830788926348,0
0.09083333333333334,0.9823356439686243,0.9823356439686243,0
0.09166666666666667,0.9313691398137706,0.9313691398137706,0
0.09250000000000001,0.8946837318885591,0.8946837318885591,0
0.09333333333333334,0.8639795835092661,0.8639795835092661,0
0.09416666666666668,0.8225568558848471,0.8225568558848471,0
0.095,0.7959157081530384,0.7959157081530384,0
0.09583333333333334,0.7496562974156865,0.7496562974156865,0
0.09666666666666668,0.7159787787733282,0.7159787787733282,0
0.0975,0.6669833053590396,0.6669833053590396,0
0.09833333333333334,0.6417700283715736,0.6417700283715736,0
0.09916666666666667,0.5898390971077998,0.5898390971077998,0
0.1,0.5657906589944712,0.5657906589944712,0
0.10083333333333334,0.5245248596193255,0.5245248596193255,0
0.10166666666666667,0.48814184276154704,0.48814184276154704,0
0.10250000000000001,0.4509417504215996,0.4509417504215996,0
0.10333333333333335,0.4139247228504438,0.4139247228504438,0
0.10416666666666667,0.4244480414353019,0.4244480414353019,0
0.10500000000000001,0.39593247793404895,0.39593247793404895,0
0.10583333333333333,0.3766003897407744,0.3766003897407744,0
0.10666666666666667,0.3585519103888905,0.3585519103888905,0
0.10750000000000001,0.34118717179972724,0.34118717179972724,0
0.10833333333333334,0.337806304308377,0.337806304308377,0
0.10916666666666668,0.31090943668902554,0.31090943668902554,0
0.11,0.3011966961797761,0.3011966961797761,0
0.11083333333333334,0.2833682085069842,0.2833682085069842,0
0.11166666666666668,0.2609240979091116,0.2609240979091116,0
0.1125,0.2585867093823345,0.2585867093823345,0
0.11333333333333334,0.2901234157210147,0.2901234157210147,0
0.11416666666666668,0.2982448631542159,0.2982448631542159,0
0.115,0.33105117019815744,0.33105117019815744,0
0.11583333333333334,0.3422424539936216,0.3422424539936216,0
0.11666666666666667,0.3693188303271554,0.3693188303271554,0
0.11750000000000001,0.3852804136518649,0.3852804136518649,0
0.11833333333333335,0.40902731710781237,0.40902731710781237,0
0.11916666666666667,0.4249596525420239,0.4249596525420239,0
0.12000000000000001,0.4527775305281195,0.4527775305281195,0
0.12083333333333333,0.4590810603855692,0.4590810603855692,0
0.12166666666666667,0.49667035019858985,0.49667035019858985,0
0.12250000000000001,0.5001455068346843,0.5001455068346843,0
0.12333333333333334,0.5236066359628352,0.5236066359628352,0
0.12416666666666668,0.5541538420713615,0.5541538420713615,0
0.125,0.564287228485441,0.564287228485441,0
0.12583333333333335,0.580806897384311,0.580806897384311,0
0.12666666666666668,0.6082129498181513,0.6082129498181513,0
0.1275,0.6309054857246575,0.6309054857246575,0
0.12833333333333335,0.6564846039453122,0.6564846039453122,0
0.12916666666666668,0.671850402241357,0.671850402241357,0
0.13,0.6826029773094794,0.6826029773094794,0
0.13083333333333333,0.7126424247972116,0.7126424247972116,0
0.13166666666666668,0.7275688393180542,0.7275688393180542,0
0.1325,0.7581823144663266,0.7581823144663266,0
0.13333333333333333,0.7742829428317545,0.7742829428317545,0
0.13416666666666668,0.8021708160137945,0.8021708160137945,0
0.135,0.819646024635706,0.819646024635706,0
0.13583333333333333,0.826508658358374,0.826508658358374,0
0.1366666666666667,0.8459588058938865,0.8459588058938865,0
0.1375,0.8672965550188746,0.8672965550188746,0
0.13833333333333334,0.8842219925876206,0.8842219925876206,0
0.1391666666666667,0.9112352045449329,0.9112352045449329,0
0.14,0.9391362759388017,0.9391362759388017,0
0.14083333333333334,0.9469252909328318,0.9469252909328318,0
0.14166666666666666,0.9677023328184633,0.9677023328184633,0
0.14250000000000002,1.0030674840269798,1.0030674840269798,0
0.14333333333333334,1.0044208261413128,1.0044208261413128,0
0.14416666666666667,1.0389624399076423,1.0389624399076423,0
0.14500000000000002,1.03070293156259,1.03070293156259,0
0.14583333333333334,1.0223739591602194,1.0223739591602194,0
0.14666666666666667,1.0250334957409513,1.0250334957409513,0
0.14750000000000002,1.0195816188160818,1.0195816188160818,0
0.14833333333333334,1.0082184051152778,1.0082184051152778,0
0.14916666666666667,0.9877439305970508,0.9877439305970508,0
0.15000000000000002,0.9785582704590567,0.9785582704590567,0
0.15083333333333335,0.9784614991482228,0.9784614991482228,0
0.15166666666666667,0.964653690370708,0.964653690370708,0
0.1525,0.9656349171016986,0.9656349171016986,0
0.15333333333333335,0.9449052515950425,0.9449052515950425,0
0.15416666666666667,0.9431647653927234,0.9431647653927234,0
0.155,0.923313529334184,0.923313529334184,0
0.15583333333333335,0.9192516135654916,0.9192516135654916,0
0.15666666666666668,0.9073790875483602,0.9073790875483602,0
0.1575,0.893796020069022,0.893796020069022,0
0.15833333333333335,0.8947024792469601,0.8947024792469601,0
0.15916666666666668,0.8754985325434933,0.8754985325434933,0
0.16,0.8800842467702329,0.8800842467702329,0
0.16083333333333336,0.8595596880973951,0.8595596880973951,0
0.16166666666666668,0.8676249220619865,0.8676249220619865,0
0.1625,0.8507800135758572,0.8507800135758572,0
0.16333333333333333,0.8352250269336274,0.8352250269336274,0
0.16416666666666668,0.836660025820487,0.836660025820487,0
0.165,0.8192850733198747,0.8192850733198747,0
0.16583333333333333,0.8198002319210338,0.8198002319210338,0
0.16666666666666669,0.8071055635264527,0.8071055635264527,0
0.1675,0.7871011294591875,0.7871011294591875,0
0.16833333333333333,0.790586990470071,0.790586990470071,0
0.1691666666666667,0.7772632067448106,0.7772632067448106,0
0.17,0.7587298379109747,0.7587298379109747,0
0.17083333333333334,0.7574869430448742,0.7574869430448742,0
0.1716666666666667,0.7450345806783356,0.7450345806783356,0
0.17250000000000001,0.7371728088053723,0.7371728088053723,0
0.17333333333333334,0.7242016848887537,0.7242016848887537,0
0.17416666666666666,0.7098212658664732,0.7098212658664732,0
0.17500000000000002,0.7026316081581186,0.7026316081581186,0
0.17583333333333334,0.6989327676711469,0.6989327676711469,0
0.17666666666666667,0.6838247998070636,0.6838247998070636,0
0.17750000000000002,1.2973656542043523,1.2973656542043523,0
0.17833333333333334,1.2753974905339418,1.2753974905339418,0
0.17916666666666667,1.2469203627156413,1.2469203627156413,0
0.18000000000000002,1.2331343241871129,1.2331343241871129,0
0.18083333333333335,1.2016394279096037,1.2016394279096037,0
0.18166666666666667,1.1986357263735936,1.1986357263735936,0
0.18250000000000002,1.1628232716043587,1.1628232716043587,0
0.18333333333333335,1.1401021151674484,1.1401021151674484,0
0.18416666666666667,1.121272308174092,1.121272308174092,0
0.18500000000000003,1.1095339012865133,1.1095339012865133,0
0.18583333333333335,1.0850869447231817,1.0850869447231817,0
0.18666666666666668,1.0576314882639735,1.0576314882639735,0
0.1875,1.0503675812552682,1.0503675812552682,0
0.18833333333333335,1.016195272614966,1.016195272614966,0
0.18916666666666668,1.0031146108374343,1.0031146108374343,0
0.19,0.9854256439983827,0.9854256439983827,0
0.19083333333333335,0.9553284197596692,0.9553284197596692,0
0.19166666666666668,0.9393229853740345,0.9393229853740345,0
0.1925,0.9080093876897742,0.9080093876897742,0
0.19333333333333336,0.8935876731553389,0.8935876731553389,0
0.19416666666666668,0.875657887823872,0.875657887823872,0
0.195,0.841120077357683,0.841120077357683,0
0.19583333333333336,0.8218742870326576,0.8218742870326576,0
0.19666666666666668,0.8043205617426057,0.8043205617426057,0
0.1975,0.7828589460035473,0.7828589460035473,0
0.19833333333333333,0.771489483957942,0.771489483957942,0
0.1991666666666667,0.7361122193788541,0.7361122193788541,0
0.2,0.7242271956740641,0.7242271956740641,0
0.20083333333333334,0.6915344558901226,0.6915344558901226,0
0.2016666666666667,0.6867340427163462,0.6867340427163462,0
0.2025,0.661125998488759,0.661125998488759,0
0.20333333333333334,0.6380103651939825,0.6380103651939825,0
0.2041666666666667,0.6204871844730666,0.6204871844730666,0
0.20500000000000002,0.5855564976252748,0.5855564976252748,0
0.20583333333333334,0.5793183456118121,0.5793183456118121,0
0.2066666666666667,0.557872769059506,0.557872769059506,0
0.20750000000000002,0.5295198082644356,0.5295198082644356,0
0.20833333333333334,0.5344595031955119,0.5344595031955119,0
0.20916666666666667,0.5176655777085365,0.5176655777085365,0
0.21000000000000002,0.5114643869181079,0.5114643869181079,0
0.21083333333333334,0.5036559698326363,0.5036559698326363,0
0.21166666666666667,0.49394036514721235,0.49394036514721235,0
0.21250000000000002,0.4895176112469508,0.4895176112469508,0
0.21333333333333335,0.4865877462102942,0.4865877462102942,0
0.21416666666666667,0.47315080781227004,0.47315080781227004,0
0.21500000000000002,0.4855068335277068,0.4855068335277068,0
0.21583333333333335,0.4721558605344049,0.4721558605344049,0
0.21666666666666667,0.46409792571626945,0.46409792571626945,0
0.21750000000000003,0.46143306566639875,0.46143306566639875,0
0.21833333333333335,0.4468613166901327,0.4468613166901327,0
0.21916666666666668,0.4343827148080632,0.4343827148080632,0
0.22,0.42889729575900354,0.42889729575900354,0
0.22083333333333335,0.4305050950029207,0.4305050950029207,0
0.22166666666666668,0.4237061477238268,0.4237061477238268,0
0.2225,0.40260048883263777,0.40260048883263777,0
0.22333333333333336,0.40588815296998904,0.40588815296998904,0
0.22416666666666668,0.3924691745090216,0.3924691745090216,0
0.225,0.3825435875581268,0.3825435875581268,0
0.22583333333333336,0.39011142596366005,0.39011142596366005,0
0.22666666666666668,0.3733727233126165,0.3733727233126165,0
0.2275,0.366627512935275,0.366627512935275,0
0.22833333333333336,0.35367582790780716,0.35367582790780716,0
0.22916666666666669,0.35151770105485475,0.35151770105485475,0
0.23,0.3552531649520731,0.3552531649520731,0
0.23083333333333333,0.33438225192864246,0.33438225192864246,0
0.2316666666666667,0.33520499406974946,0.33520499406974946,0
0.2325,0.32202142321903504,0.32202142321903504,0
0.23333333333333334,0.3190315709810132,0.3190315709810132,0
0.2341666666666667,0.31753546872346017,0.31753546872346017,0
0.23500000000000001,0.30103314757977157,0.30103314757977157,0
0.23583333333333334,0.3032246384512931,0.3032246384512931,0
0.2366666666666667,0.29980997200961984,0.29980997200961984,0
0.23750000000000002,0.28438917869886854,0.28438917869886854,0
0.23833333333333334,0.28126228873792186,0.28126228873792186,0
0.2391666666666667,0.26752933212264385,0.26752933212264385,0
0.24000000000000002,0.25789033862807015,0.25789033862807015,0
0.24083333333333334,0.25727165360004334,0.25727165360004334,0
0.24166666666666667,0.49268032392226196,0.49268032392226196,0
0.24250000000000002,0.7413830453868097,0.7413830453868097,0
0.24333333333333335,0.9752798469067683,0.9752798469067683,0
0.24416666666666667,0.9761374238516077,0.9761374238516077,0
0.24500000000000002,0.9820891380492227,0.9820891380492227,0
0.24583333333333335,1.0383540654069876,1.0383540654069876,0
0.24666666666666667,1.0804131863899336,1.0804131863899336,0
0.24750000000000003,1.1260665288798526,1.1260665288798526,0
0.24833333333333335,1.1927141205581886,1.1927141205581886,0
0.24916666666666668,1.2432559889079509,1.2432559889079509,0
0.25,1.2868921612156077,1.2868921612156077,0
0.25083333333333335,1.3366226645729562,1.3366226645729562,0
0.2516666666666667,1.3961475258789677,1.3961475258789677,0
0.2525,1.437366771841615,1.437366771841615,0
0.25333333333333335,1.4862804289796758,1.4862804289796758,0
0.2541666666666667,1.5429885236245158,1.5429885236245158,0
0.255,1.59429108192185,1.59429108192185,0
0.25583333333333336,1.6419881298334853,1.6419881298334853,0
0.2566666666666667,1.6898796931390385,1.6898796931390385,0
0.2575,1.7372657974376398,1.7372657974376398,0
0.25833333333333336,1.7885464681496117,1.7885464681496117,0
0.25916666666666666,1.839621730518132,1.839621730518132,0
0.26,1.8984916096108757,1.8984916096108757,0
0.26083333333333336,1.9456561303216362,1.9456561303216362,0
0.26166666666666666,1.9943153173719324,1.9943153173719324,0
0.2625,2.0489691953125924,2.0489691953125924,0
0.26333333333333336,2.043098740906276,2.043098740906276,0
0.26416666666666666,2.0099658831290226,2.0099658831290226,0
0.265,1.9637277888860687,1.9637277888860687,0
0.26583333333333337,1.9285844820609845,1.9285844820609845,0
0.26666666666666666,1.8859359863743104,1.8859359863743104,0
0.2675,1.8582823253850402,1.8582823253850402,0
0.26833333333333337,1.811723522492083,1.811723522492083,0
0.26916666666666667,1.7724596009357105,1.7724596009357105,0
0.27,1.7359905837989902,1.7359905837989902,0
0.27083333333333337,1.684716494009196,1.684716494009196,0
0.27166666666666667,1.6551373543392107,1.6551373543392107,0
0.2725,1.6073531874089058,1.6073531874089058,0
0.2733333333333334,1.5810640156865128,1.5810640156865128,0
0.27416666666666667,1.536469861489972,1.536469861489972,0
0.275,1.4969707469882738,1.4969707469882738,0
0.2758333333333334,1.4512666942027772,1.4512666942027772,0
0.27666666666666667,1.4066577250085204,1.4066577250085204,0
0.2775,1.379443861135514,1.379443861135514,0
0.2783333333333334,1.3270251241700186,1.3270251241700186,0
0.2791666666666667,1.3007015355558111,1.3007015355558111,0
0.28,1.2462731165954373,1.2462731165954373,0
0.2808333333333333,1.2085398884514464,1.2085398884514464,0
0.2816666666666667,1.21255901500476,1.21255901500476,0
0.28250000000000003,1.1904511520622314,1.1904511520622314,0
0.2833333333333333,1.1893385425959377,1.1893385425959377,0
0.2841666666666667,1.1568212072205568,1.1568212072205568,0
0.28500000000000003,1.1412991664167584,1.1412991664167584,0
0.28583333333333333,1.1132724405323644,1.1132724405323644,0
0.2866666666666667,1.0941410497834971,1.0941410497834971,0
0.28750000000000003,1.0930050142557095,1.0930050142557095,0
0.28833333333333333,1.0732643539051097,1.0732643539051097,0
0.2891666666666667,1.0382190885594724,1.0382190885594724,0
0.29000000000000004,1.049491460141555,1.049491460141555,0
0.29083333333333333,1.0612487396877317,1.0612487396877317,0
0.2916666666666667,1.0760014729631004,1.0760014729631004,0
0.29250000000000004,1.104249679292958,1.104249679292958,0
0.29333333333333333,1.1304933778796393,1.1304933778796393,0
0.2941666666666667,1.1503325878035606,1.1503325878035606,0
0.29500000000000004,1.1535673280242478,1.1535673280242478,0
0.29583333333333334,1.1807976173813566,1.1807976173813566,0
0.2966666666666667,1.1931234745956794,1.1931234745956794,0
0.29750000000000004,1.2216449182701445,1.2216449182701445,0
0.29833333333333334,1.231361966890803,1.231361966890803,0
0.2991666666666667,1.252374638827806,1.252374638827806,0
0.30000000000000004,1.2771829523363714,1.2771829523363714,0
0.30083333333333334,1.2834869255577397,1.2834869255577397,0
0.3016666666666667,1.311086576520123,1.311086576520123,0
0.30250000000000005,1.336281923139639,1.336281923139639,0
0.30333333333333334,1.3572729832212418,1.3572729832212418,0
0.3041666666666667,1.373159774459637,1.373159774459637,0
0.305,1.3836423144401917,1.3836423144401917,0
0.30583333333333335,1.4066206206398315,1.4066206206398315,0
0.3066666666666667,1.4323947104279329,1.4323947104279329,0
0.3075,1.4464646010672013,1.4464646010672013,0
0.30833333333333335,1.4672303097145456,1.4672303097145456,0
0.3091666666666667,1.472891853421938,1.472891853421938,0
0.31,1.4916492491372693,1.4916492491372693,0
0.31083333333333335,1.521002513705195,1.521002513705195,0
0.3116666666666667,1.5367516638679715,1.5367516638679715,0
0.3125,1.5539967162662827,1.5539967162662827,0
0.31333333333333335,1.5803376874400636,1.5803376874400636,0
0.3141666666666667,1.597874593829309,1.597874593829309,0
0.315,1.6187074517748772,1.6187074517748772,0
0.31583333333333335,1.6376362775192868,1.6376362775192868,0
0.3166666666666667,1.6374610872075037,1.6374610872075037,0
0.3175,1.6560818968877205,1.6560818968877205,0
0.31833333333333336,1.685298722512129,1.685298722512129,0
0.3191666666666667,1.6959115799376827,1.6959115799376827,0
0.32,1.727120484926856,1.727120484926856,0
0.32083333333333336,1.743125453148391,1.743125453148391,0
0.3216666666666667,1.7539265001780406,1.7539265001780406,0
0.3225,1.7708341678150914,1.7708341678150914,0
0.32333333333333336,1.7571800503988815,1.7571800503988815,0
0.3241666666666667,1.7304220579674137,1.7304220579674137,0
0.325,1.7388602057317535,1.7388602057317535,0
0.32583333333333336,1.712894508813578,1.712894508813578,0
0.32666666666666666,1.704024982245872,1.704024982245872,0
0.3275,1.6935516409736249,1.6935516409736249,0
0.32833333333333337,1.686774499854512,1.686774499854512,0
0.32916666666666666,1.6775935736595744,1.6775935736595744,0
0.33,1.6615088770738922,1.6615088770738922,0
0.33083333333333337,1.66252042469725,1.66252042469725,0
0.33166666666666667,1.646328231044795,1.646328231044795,0
0.3325,1.6280323105476917,1.6280323105476917,0
0.33333333333333337,1.6210326775537673,1.6210326775537673,0
0.33416666666666667,1.6084293463281523,1.6084293463281523,0
0.335,1.6035223310539157,1.6035223310539157,0
0.3358333333333334,1.5864116458326913,1.5864116458326913,0
0.33666666666666667,1.5743973046853015,1.5743973046853015,0
0.3375,1.5730793215523744,1.5730793215523744,0
0.3383333333333334,1.5676577102949516,1.5676577102949516,0
0.33916666666666667,1.5522324846950954,1.5522324846950954,0
0.34,1.5414036584564856,1.5414036584564856,0
0.3408333333333334,1.5310712452050148,1.5310712452050148,0
0.3416666666666667,1.520035258489374,1.520035258489374,0
0.3425,1.5165957117816367,1.5165957117816367,0
0.3433333333333334,1.4992526184778336,1.4992526184778336,0
0.3441666666666667,1.4955059918985247,1.4955059918985247,0
0.34500000000000003,1.4793558452893667,1.4793558452893667,0
0.3458333333333334,1.4632021918216696,1.4632021918216696,0
0.3466666666666667,1.4660450445929558,1.4660450445929558,0
0.34750000000000003,1.44778441662751,1.44778441662751,0
0.34833333333333333,1.4387203208769208,1.4387203208769208,0
0.3491666666666667,1.4201527702206247,1.4201527702206247,0
0.35000000000000003,1.421681777466439,1.421681777466439,0
0.35083333333333333,1.4072073553510915,1.4072073553510915,0
0.3516666666666667,1.3883295165407477,1.3883295165407477,0
0.35250000000000004,1.3791482736315284,1.3791482736315284,0
0.35333333333333333,1.3738636391500263,1.3738636391500263,0
0.3541666666666667,1.359175625553819,1.359175625553819,0
0.35500000000000004,1.9596421399688135,1.9596421399688135,0
0.35583333333333333,1.938705299979223,1.938705299979223,0
0.3566666666666667,1.9207651178385903,1.9207651178385903,0
0.35750000000000004,1.9018216057334392,1.9018216057334392,0
0.35833333333333334,1.8757747757837582,1.8757747757837582,0
0.3591666666666667,1.8519246400434897,1.8519246400434897,0
0.36000000000000004,1.8419712105010038,1.8419712105010038,0
0.36083333333333334,1.8206144990795767,1.8206144990795767,0
0.3616666666666667,1.778854517637859,1.778854517637859,0
0.36250000000000004,1.767891277970343,1.767891277970343,0
0.36333333333333334,1.7377247918078242,1.7377247918078242,0
0.3641666666666667,1.7213550708178593,1.7213550708178593,0
0.36500000000000005,1.6915821266052196,1.6915821266052196,0
0.36583333333333334,1.6763059707123409,1.6763059707123409,0
0.3666666666666667,1.6537266146197702,1.6537266146197702,0
0.36750000000000005,1.6372440697466049,1.6372440697466049,0
0.36833333333333335,1.618158347450933,1.618158347450933,0
0.3691666666666667,1.5874694590302656,1.5874694590302656,0
0.37000000000000005,1.5562774157219676,1.5562774157219676,0
0.37083333333333335,1.5454822287036825,1.5454822287036825,0
0.3716666666666667,1.518983909093758,1.518983909093758,0
0.3725,1.4937824679516605,1.4937824679516605,0
0.37333333333333335,1.4803779162783932,1.4803779162783932,0
0.3741666666666667,1.447570265016906,1.447570265016906,0
0.375,1.423459525052504,1.423459525052504,0
0.37583333333333335,1.399745707213252,1.399745707213252,0
0.3766666666666667,1.387228822270373,1.387228822270373,0
0.3775,1.353308880938648,1.353308880938648,0
0.37833333333333335,1.3417858938768081,1.3417858938768081,0
0.3791666666666667,1.3169598716879256,1.3169598716879256,0
0.38,1.2888308249197995,1.2888308249197995,0
0.38083333333333336,1.2708987640653413,1.2708987640653413,0
0.3816666666666667,1.2484636995629526,1.2484636995629526,0
0.3825,1.2319256417969038,1.2319256417969038,0
0.38333333333333336,1.2067846010977068,1.2067846010977068,0
0.3841666666666667,1.1840405877424862,1.1840405877424862,0
0.385,1.153493611955346,1.153493611955346,0
0.38583333333333336,1.1639436839077342,1.1639436839077342,0
0.3866666666666667,1.1500644979293284,1.1500644979293284,0
0.3875,1.1547823798768175,1.1547823798768175,0
0.38833333333333336,1.138697339765833,1.138697339765833,0
0.3891666666666667,1.134309387560777,1.134309387560777,0
0.39,1.1240185331751666,1.1240185331751666,0
0.39083333333333337,1.1220247864719863,1.1220247864719863,0
0.3916666666666667,1.1108281572640244,1.1108281572640244,0
0.3925,1.0939286553142173,1.0939286553142173,0
0.39333333333333337,1.0907262903359842,1.0907262903359842,0
0.39416666666666667,1.0882210719935634,1.0882210719935634,0
0.395,1.0816130099023427,1.0816130099023427,0
0.39583333333333337,1.062502113629187,1.062502113629187,0
0.39666666666666667,1.0559883926927671,1.0559883926927671,0
0.3975,1.046171856563879,1.046171856563879,0
0.3983333333333334,1.0493525146657683,1.0493525146657683,0
0.39916666666666667,1.0401303763744454,1.0401303763744454,0
0.4,1.0371054510190023,1.0371054510190023,0
0.4008333333333334,1.028677747881923,1.028677747881923,0
0.40166666666666667,1.0178472761993962,1.0178472761993962,0
0.4025,1.0129140451616205,1.0129140451616205,0
0.4033333333333334,0.9942780639131094,0.9942780639131094,0
0.4041666666666667,0.9864393415529953,0.9864393415529953,0
0.405,0.9830978871353282,0.9830978871353282,0
0.4058333333333334,0.9725537096693716,0.9725537096693716,0
0.4066666666666667,0.9574068181199,0.9574068181199,0
0.40750000000000003,0.9592572214074897,0.9592572214074897,0
0.4083333333333334,0.9412049284088095,0.9412049284088095,0
0.4091666666666667,0.9456499479569072,0.9456499479569072,0
0.41000000000000003,0.9386922888414976,0.9386922888414976,0
0.4108333333333334,0.9211319598092427,0.9211319598092427,0
0.4116666666666667,0.9130689695640335,0.9130689695640335,0
0.41250000000000003,0.9032033267672686,0.9032033267672686,0
0.4133333333333334,0.8915350400381299,0.8915350400381299,0
0.4141666666666667,0.9006641179538577,0.9006641179538577,0
0.41500000000000004,0.8832905690500201,0.8832905690500201,0
0.41583333333333333,0.8782144018207853,0.8782144018207853,0
0.4166666666666667,0.8589356247191859,0.8589356247191859,0
0.41750000000000004,0.8634542461573872,0.8634542461573872,0
0.41833333333333333,0.8593965902964209,0.8593965902964209,0
0.4191666666666667,1.0931696830113613,1.0931696830113613,0
0.42000000000000004,1.340140199260003,1.340140199260003,0
0.42083333333333334,1.568308147293643,1.568308147293643,0
0.4216666666666667,1.5709402019906737,1.5709402019906737,0
0.42250000000000004,1.5642697048568293,1.5642697048568293,0
0.42333333333333334,1.6189157116444879,1.6189157116444879,0
0.4241666666666667,1.6741591828291107,1.6741591828291107,0
0.42500000000000004,1.7307001264666297,1.7307001264666297,0
0.42583333333333334,1.7699385505746452,1.7699385505746452,0
0.4266666666666667,1.8182744631326706,1.8182744631326706,0
0.42750000000000005,1.8731078720823702,1.8731078720823702,0
0.42833333333333334,1.9245387853278009,1.9245387853278009,0
0.4291666666666667,1.9681672107356476,1.9681672107356476,0
0.43000000000000005,2.013793156135459,2.013793156135459,0
0.43083333333333335,2.069416629319881,2.069416629319881,0
0.4316666666666667,2.125937638044889,2.125937638044889,0
0.43250000000000005,2.179856190030015,2.179856190030015,0
0.43333333333333335,2.2177722929585784,2.2177722929585784,0
0.4341666666666667,2.270085954477912,2.270085954477912,0
0.43500000000000005,2.314197182199584,2.314197182199584,0
0.43583333333333335,2.377005983699623,2.377005983699623,0
0.4366666666666667,2.4144123665187385,2.4144123665187385,0
0.43750000000000006,2.4656163381625382,2.4656163381625382,0
0.43833333333333335,2.526417906101748,2.526417906101748,0
0.4391666666666667,2.5717170777724276,2.5717170777724276,0
0.44,2.625013860576183,2.625013860576183,0
0.44083333333333335,2.632989214261332,2.632989214261332,0
0.4416666666666667,2.584505050923115,2.584505050923115,0
0.4425,2.541318520718192,2.541318520718192,0
0.44333333333333336,2.5089296309124665,2.5089296309124665,0
0.4441666666666667,2.4543383887384347,2.4543383887384347,0
0.445,2.425444801395393,2.425444801395393,0
0.44583333333333336,2.3857488760496364,2.3857488760496364,0
0.4466666666666667,2.348550619834664,2.348550619834664,0
0.4475,2.292450039851376,2.292450039851376,0
0.44833333333333336,2.2569471431682735,2.2569471431682735,0
0.4491666666666667,2.2256419368216536,2.2256419368216536,0
0.45,2.1849344278158083,2.1849344278158083,0
0.45083333333333336,2.142524623123214,2.142524623123214,0
0.4516666666666667,2.103212529684726,2.103212529684726,0
0.4525,2.0642981544097707,2.0642981544097707,0
0.45333333333333337,2.0143815041765327,2.0143815041765327,0
0.4541666666666667,1.9696625858321435,1.9696625858321435,0
0.455,1.9308414061928691,1.9308414061928691,0
0.45583333333333337,1.893117972044294,1.893117972044294,0
0.4566666666666667,1.8605922901415066,1.8605922901415066,0
0.4575,1.8085643672092795,1.8085643672092795,0
0.45833333333333337,1.7800342099422535,1.7800342099422535,0
0.4591666666666667,1.7777589678622572,1.7777589678622572,0
0.46,1.7666592825248355,1.7666592825248355,0
0.4608333333333334,1.7280573827575252,1.7280573827575252,0
0.46166666666666667,1.7195532751362153,1.7195532751362153,0
0.4625,1.7029469662075492,1.7029469662075492,0
0.4633333333333334,1.6734384624890948,1.6734384624890948,0
0.46416666666666667,1.6628277704695167,1.6628277704695167,0
0.465,1.6411148966087485,1.6411148966087485,0
0.4658333333333334,1.6226998473381602,1.6226998473381602,0
0.4666666666666667,1.5888826290607274,1.5888826290607274,0
0.4675,1.5986854703734208,1.5986854703734208,0
0.4683333333333334,1.6104756290849145,1.6104756290849145,0
0.4691666666666667,1.641163637829786,1.641163637829786,0
0.47000000000000003,1.6453495028990905,1.6453495028990905,0
0.4708333333333334,1.6648332305563094,1.6648332305563094,0
0.4716666666666667,1.6901148270375128,1.6901148270375128,0
0.47250000000000003,1.717194298551521,1.717194298551521,0
0.4733333333333334,1.719971651280059,1.719971651280059,0
0.4741666666666667,1.7544468913779179,1.7544468913779179,0
0.47500000000000003,1.7560200249731082,1.7560200249731082,0
0.4758333333333334,1.7810910581670172,1.7810910581670172,0
0.4766666666666667,1.8089599970345605,1.8089599970345605,0
0.47750000000000004,1.8220268476243378,1.8220268476243378,0
0.4783333333333334,1.8264916159587832,1.8264916159587832,0
0.4791666666666667,1.8479543080343146,1.8479543080343146,0
0.48000000000000004,1.864214929821486,1.864214929821486,0
0.4808333333333334,1.8935734872651342,1.8935734872651342,0
0.4816666666666667,1.9158299862845265,1.9158299862845265,0
0.48250000000000004,1.916984432773508,1.916984432773508,0
0.48333333333333334,1.9346368326006464,1.9346368326006464,0
0.4841666666666667,1.9575871916093757,1.9575871916093757,0
0.48500000000000004,1.9800355156181406,1.9800355156181406,0
0.48583333333333334,2.0058818104205383,2.0058818104205383,0
0.4866666666666667,2.0209260817854595,2.0209260817854595,0
0.48750000000000004,2.0422683354572295,2.0422683354572295,0
0.48833333333333334,2.0586085771557467,2.0586085771557467,0
0.4891666666666667,2.0793468125766217,2.0793468125766217,0
0.49000000000000005,2.091283047391313,2.091283047391313,0
0.49083333333333334,2.114117287247264,2.114117287247264,0
0.4916666666666667,2.1279495377680413,2.1279495377680413,0
0.49250000000000005,2.145879804553465,2.145879804553465,0
0.49333333333333335,2.1511080931797437,2.1511080931797437,0
0.4941666666666667,2.1884344091996075,2.1884344091996075,0
0.49500000000000005,2.20435875814244,2.20435875814244,0
0.49583333333333335,2.222381145514407,2.222381145514407,0
0.4966666666666667,2.2351015767985896,2.2351015767985896,0
0.49750000000000005,2.258720057455108,2.258720057455108,0
0.49833333333333335,2.2609365929212553,2.2609365929212553,0
0.4991666666666667,2.283851188611622,2.283851188611622,0
0.5,2.2859743762340092,2.2859743762340092,0
0.5008333333333334,2.2820377401053484,2.2820377401053484,0
0.5016666666666667,2.267799180309717,2.267799180309717,0
0.5025000000000001,2.260858702172147,2.260858702172147,0
0.5033333333333334,2.24481631099559,2.24481631099559,0
0.5041666666666667,2.235372012061039,2.235372012061039,0
0.505,2.2332258106276517,2.2332258106276517,0
0.5058333333333334,2.2117777119328665,2.2117777119328665,0
0.5066666666666667,2.204327721192524,2.204327721192524,0
0.5075000000000001,2.1926758436009877,2.1926758436009877,0
0.5083333333333334,2.1702220843312574,2.1702220843312574,0
0.5091666666666667,2.1636664485350905,2.1636664485350905,0
0.51,2.1660089413431147,2.1660089413431147,0
0.5108333333333334,2.1409495678649457,2.1409495678649457,0
0.5116666666666667,2.133388333189301,2.133388333189301,0
0.5125000000000001,2.1318252423841133,2.1318252423841133,0
0.5133333333333334,2.1155603004966443,2.1155603004966443,0
0.5141666666666667,2.0951935125535956,2.0951935125535956,0
0.515,2.0934248835612226,2.0934248835612226,0
0.5158333333333334,2.0729544185054434,2.0729544185054434,0
0.5166666666666667,2.0671821223519484,2.0671821223519484,0
0.5175000000000001,2.058408000046311,2.058408000046311,0
0.5183333333333333,2.0436320565140953,2.0436320565140953,0
0.5191666666666667,2.0284542966609656,2.0284542966609656,0
0.52,2.0186747253727897,2.0186747253727897,0
0.5208333333333334,2.021793347515749,2.021793347515749,0
0.5216666666666667,2.0112101679364414,2.0112101679364414,0
0.5225000000000001,1.989325191461989,1.989325191461989,0
0.5233333333333333,1.9891384229001399,1.9891384229001399,0
0.5241666666666667,1.9706498670393735,1.9706498670393735,0
0.525,1.9624595286490012,1.9624595286490012,0
0.5258333333333334,1.9410674124792713,1.9410674124792713,0
0.5266666666666667,1.9456735232614677,1.9456735232614677,0
0.5275000000000001,1.9314778657080125,1.9314778657080125,0
0.5283333333333333,1.915980444512566,1.915980444512566,0
0.5291666666666667,1.8963812643501263,1.8963812643501263,0
0.53,1.8953803298771255,1.8953803298771255,0
0.5308333333333334,1.8863776457315329,1.8863776457315329,0
0.5316666666666667,1.8693732165329469,1.8693732165329469,0
0.5325000000000001,2.465624941619539,2.465624941619539,0
0.5333333333333333,2.4550749308376183,2.4550749308376183,0
0.5341666666666667,2.4268231887522607,2.4268231887522607,0
0.535,2.404469719910555,2.404469719910555,0
0.5358333333333334,2.3841145288416987,2.3841145288416987,0
0.5366666666666667,2.3581576200570957,2.3581576200570957,0
0.5375000000000001,2.3336989980504446,2.3336989980504446,0
0.5383333333333333,2.305438667297833,2.305438667297833,0
0.5391666666666667,2.297476632257831,2.297476632257831,0
0.54,2.2632128973715804,2.2632128973715804,0
0.5408333333333334,2.2525474670628856,2.2525474670628856,0
0.5416666666666667,2.2213803457383046,2.2213803457383046,0
0.5425,2.2009115377872375,2.2009115377872375,0
0.5433333333333333,2.1767410475820177,2.1767410475820177,0
0.5441666666666667,2.161968879477997,2.161968879477997,0
0.545,2.1317950378136357,2.1317950378136357,0
0.5458333333333334,2.101519526910589,2.101519526910589,0
0.5466666666666667,2.0928423510737937,2.0928423510737937,0
0.5475,2.0636635145915556,2.0636635145915556,0
0.5483333333333333,2.0370830217356333,2.0370830217356333,0
0.5491666666666667,2.0199008767613233,2.0199008767613233,0
0.55,1.9850170839075458,1.9850170839075458,0
0.5508333333333334,1.9716316473969278,1.9716316473969278,0
0.5516666666666667,1.9464445714358862,1.9464445714358862,0
0.5525,1.9328558602147115,1.9328558602147115,0
0.5533333333333333,1.9021655179076495,1.9021655179076495,0
0.5541666666666667,1.8882735486729834,1.8882735486729834,0
0.555,1.850679956653115,1.850679956653115,0
0.5558333333333334,1.8329847459746451,1.8329847459746451,0
0.5566666666666668,1.8192879207484542,1.8192879207484542,0
0.5575,1.7933894850697827,1.7933894850697827,0
0.5583333333333333,1.7732894430183088,1.7732894430183088,0
0.5591666666666667,1.7518877986582289,1.7518877986582289,0
0.56,1.7195845560383343,1.7195845560383343,0
0.5608333333333334,1.6909797191920897,1.6909797191920897,0
0.5616666666666666,1.6693732921377107,1.6693732921377107,0
0.5625,1.6524652788782404,1.6524652788782404,0
0.5633333333333334,1.6570556834016248,1.6570556834016248,0
0.5641666666666667,1.6352181938913164,1.6352181938913164,0
0.5650000000000001,1.6308791300947698,1.6308791300947698,0
0.5658333333333334,1.6181384959550955,1.6181384959550955,0
0.5666666666666667,1.6225962954006077,1.6225962954006077,0
0.5675,1.6066525323448992,1.6066525323448992,0
0.5683333333333334,1.6053072106869142,1.6053072106869142,0
0.5691666666666667,1.5844603343110206,1.5844603343110206,0
0.5700000000000001,1.5777119070870853,1.5777119070870853,0
0.5708333333333334,1.5794619328705417,1.5794619328705417,0
0.5716666666666667,1.5776104155024666,1.5776104155024666,0
0.5725,1.5686573588096466,1.5686573588096466,0
0.5733333333333334,1.5575027666046528,1.5575027666046528,0
0.5741666666666667,1.5333466426859088,1.5333466426859088,0
0.5750000000000001,1.5388889908377614,1.5388889908377614,0
0.5758333333333334,1.5328298148305495,1.5328298148305495,0
0.5766666666666667,1.510769118420674,1.510769118420674,0
0.5775,1.5031069053506663,1.5031069053506663,0
0.5783333333333334,1.4971431793492558,1.4971431793492558,0
0.5791666666666667,1.498177944131438,1.498177944131438,0
0.5800000000000001,1.4849112033985419,1.4849112033985419,0
0.5808333333333334,1.4776429608382973,1.4776429608382973,0
0.5816666666666667,1.475873220124901,1.475873220124901,0
0.5825,1.462801984919083,1.462801984919083,0
0.5833333333333334,1.442029258868172,1.442029258868172,0
0.5841666666666667,1.438455045606161,1.438455045606161,0
0.5850000000000001,1.4362793487537726,1.4362793487537726,0
0.5858333333333333,1.422402171918522,1.422402171918522,0
0.5866666666666667,1.4142235186947834,1.4142235186947834,0
0.5875,1.4168433926638526,1.4168433926638526,0
0.5883333333333334,1.3890617973940091,1.3890617973940091,0
0.5891666666666667,1.3859787364405822,1.3859787364405822,0
0.5900000000000001,1.3878942133460104,1.3878942133460104,0
0.5908333333333333,1.368808231639905,1.368808231639905,0
0.5916666666666667,1.3714207948391135,1.3714207948391135,0
0.5925,1.3546319064477776,1.3546319064477776,0
0.5933333333333334,1.3476415699573978,1.3476415699573978,0
0.5941666666666667,1.3414497888468915,1.3414497888468915,0
0.5950000000000001,1.3265565665826553,1.3265565665826553,0
0.5958333333333333,1.3345882224080972,1.3345882224080972,0
0.5966666666666667,1.56315177730861,1.56315177730861,0
0.5975,1.7994139013800505,1.7994139013800505,0
0.5983333333333334,2.0477745980393247,2.0477745980393247,0
0.5991666666666667,2.0443005373577816,2.0443005373577816,0
0.6000000000000001,2.041925056061268,2.041925056061268,0
0.6008333333333333,2.0998672051492373,2.0998672051492373,0
0.6016666666666667,2.141907940370997,2.141907940370997,0
0.6025,2.1945472650829068,2.1945472650829068,0
0.6033333333333334,2.2515851826293893,2.2515851826293893,0
0.6041666666666667,2.299921696342987,2.299921696342987,0
0.6050000000000001,2.3495568095444175,2.3495568095444175,0
0.6058333333333333,2.3815905255426295,2.3815905255426295,0
0.6066666666666667,2.444322847634859,2.444322847634859,0
0.6075,2.496753779106684,2.496753779106684,0
0.6083333333333334,2.53188332323208,2.53188332323208,0
0.6091666666666667,2.586111483273473,2.586111483273473,0
0.61,2.6488382624817954,2.6488382624817954,0
0.6108333333333333,2.6981636640965396,2.6981636640965396,0
0.6116666666666667,2.7446876913458116,2.7446876913458116,0
0.6125,2.791510347446383,2.791510347446383,0
0.6133333333333334,2.834531635603746,2.834531635603746,0
0.6141666666666667,2.8805515590121646,2.8805515590121646,0
0.615,2.936070120854728,2.936070120854728,0
0.6158333333333333,2.986387324303402,2.986387324303402,0
0.6166666666666667,3.028703172519081,3.028703172519081,0
0.6175,3.083817668651639,3.083817668651639,0
0.6183333333333334,3.081411768220935,3.081411768220935,0
0.6191666666666668,3.05644737911686,3.05644737911686,0
0.62,2.996581647313678,2.996581647313678,0
0.6208333333333333,2.9674145759176924,2.9674145759176924,0
0.6216666666666667,2.9190461680244386,2.9190461680244386,0
0.6225,2.889176426718736,2.889176426718736,0
0.6233333333333334,2.8512053550747347,2.8512053550747347,0
0.6241666666666668,2.805632956155967,2.805632956155967,0
0.625,2.767759233015395,2.767759233015395,0
0.6258333333333334,2.7181841886954587,2.7181841886954587,0
0.6266666666666667,2.669807826228126,2.669807826228126,0
0.6275000000000001,2.6305301486349393,2.6305301486349393,0
0.6283333333333334,2.592351158927063,2.592351158927063,0
0.6291666666666667,2.5572708601053327,2.5572708601053327,0
0.63,2.5181892551603,2.5181892551603,0
0.6308333333333334,2.4715063470722822,2.4715063470722822,0
0.6316666666666667,2.441622138811406,2.441622138811406,0
0.6325000000000001,2.398536633337657,2.398536633337657,0
0.6333333333333334,2.3449498336009227,2.3449498336009227,0
0.6341666666666667,2.3091617425410402,2.3091617425410402,0
0.635,2.2637723630878424,2.2637723630878424,0
0.6358333333333334,2.2295816981612018,2.2295816981612018,0
0.6366666666666667,2.2383468935282185,2.2383468935282185,0
0.6375000000000001,2.2097885870096157,2.2097885870096157,0
0.6383333333333334,2.182029003717878,2.182029003717878,0
0.6391666666666667,2.1800681465334875,2.1800681465334875,0
0.64,2.1482060183271896,2.1482060183271896,0
0.6408333333333334,2.133242621960035,2.133242621960035,0
0.6416666666666667,2.116277960283427,2.116277960283427,0
0.6425000000000001,2.090012036139162,2.090012036139162,0
0.6433333333333334,2.0726448523594736,2.0726448523594736,0
0.6441666666666667,2.054576411767074,2.054576411767074,0
0.645,2.0550289393974226,2.0550289393974226,0
0.6458333333333334,2.0714696895163076,2.0714696895163076,0
0.6466666666666667,2.0887091912339266,2.0887091912339266,0
0.6475000000000001,2.107447447335336,2.107447447335336,0
0.6483333333333334,2.1141844605962836,2.1141844605962836,0
0.6491666666666667,2.140620233783248,2.140620233783248,0
0.65,2.1669547696534823,2.1669547696534823,0
0.6508333333333334,2.1753880709550533,2.1753880709550533,0
0.6516666666666667,2.1947201404268832,2.1947201404268832,0
0.6525000000000001,2.2122509807987885,2.2122509807987885,0
0.6533333333333333,2.2261805947915234,2.2261805947915234,0
0.6541666666666667,2.247808985116817,2.247808985116817,0
0.655,2.262136154477414,2.262136154477414,0
0.6558333333333334,2.275462105567115,2.275462105567115,0
0.6566666666666667,2.3053868410708156,2.3053868410708156,0
0.6575000000000001,2.3249103636645456,2.3249103636645456,0
0.6583333333333333,2.3437326760155055,2.3437326760155055,0
0.6591666666666667,2.342153780782112,2.342153780782112,0
0.66,2.372273680614029,2.372273680614029,0
0.6608333333333334,2.38229237815221,2.38229237815221,0
0.6616666666666667,2.399409876028936,2.399409876028936,0
0.6625000000000001,2.427826176867851,2.427826176867851,0
0.6633333333333333,2.4321412832840035,2.4321412832840035,0
0.6641666666666667,2.4641551978838816,2.4641551978838816,0
0.665,2.469267923265451,2.469267923265451,0
0.6658333333333334,2.5010794620181915,2.5010794620181915,0
0.6666666666666667,2.5028898167231346,2.5028898167231346,0
0.6675000000000001,2.5262989899528994,2.5262989899528994,0
0.6683333333333333,2.5397069842717297,2.5397069842717297,0
0.6691666666666667,2.563513802235532,2.563513802235532,0
0.67,2.5744194463919086,2.5744194463919086,0
0.6708333333333334,2.5996239192801935,2.5996239192801935,0
0.6716666666666667,2.6252272234314913,2.6252272234314913,0
0.6725000000000001,2.640029361368711,2.640029361368711,0
0.6733333333333333,2.6506303356066003,2.6506303356066003,0
0.6741666666666667,2.664130148651782,2.664130148651782,0
0.675,2.692128803002789,2.692128803002789,0
0.6758333333333334,2.714226301150098,2.714226301150098,0
0.6766666666666667,2.7220226455761667,2.7220226455761667,0
0.6775,2.717528365071252,2.717528365071252,0
0.6783333333333333,2.723975041049242,2.723975041049242,0
0.6791666666666667,2.6985205707055777,2.6985205707055777,0
0.68,2.7010649564909737,2.7010649564909737,0
0.6808333333333334,2.6759082008482955,2.6759082008482955,0
0.6816666666666668,2.67175030621259,2.67175030621259,0
0.6825,2.6617912750111183,2.6617912750111183,0
0.6833333333333333,2.6404311096633966,2.6404311096633966,0
0.6841666666666667,2.638969812581218,2.638969812581218,0
0.685,2.6246073861686927,2.6246073861686927,0
0.6858333333333334,2.6228438328222783,2.6228438328222783,0
0.6866666666666668,2.6058791549308125,2.6058791549308125,0
0.6875,2.599613354875546,2.599613354875546,0
0.6883333333333334,2.5746464350301728,2.5746464350301728,0
0.6891666666666667,2.570278397760864,2.570278397760864,0
0.6900000000000001,2.5474092454262984,2.5474092454262984,0
0.6908333333333334,2.5453389803776956,2.5453389803776956,0
0.6916666666666668,2.5436676049588463,2.5436676049588463,0
0.6925,2.5305951215061406,2.5305951215061406,0
0.6933333333333334,2.5154215323486073,2.5154215323486073,0
0.6941666666666667,2.491846839807935,2.491846839807935,0
0.6950000000000001,2.4870710461985106,2.4870710461985106,0
0.6958333333333334,2.4773941538274458,2.4773941538274458,0
0.6966666666666667,2.458016164994608,2.458016164994608,0
0.6975,2.448737081992652,2.448737081992652,0
0.6983333333333334,2.4466569071070494,2.4466569071070494,0
0.6991666666666667,2.4301756426161187,2.4301756426161187,0
0.7000000000000001,2.4177932907910535,2.4177932907910535,0
0.7008333333333334,2.4087098538959557,2.4087098538959557,0
0.7016666666666667,2.4057253341878604,2.4057253341878604,0
0.7025,2.3826397339167706,2.3826397339167706,0
0.7033333333333334,2.374853055325682,2.374853055325682,0
0.7041666666666667,2.357965300650614,2.357965300650614,0
0.7050000000000001,2.351176472120637,2.351176472120637,0
0.7058333333333334,2.3359865719579043,2.3359865719579043,0
0.7066666666666667,2.3218956023776784,2.3218956023776784,0
0.7075,2.322403565588359,2.322403565588359,0
0.7083333333333334,2.2994104637915123,2.2994104637915123,0
0.7091666666666667,2.2942162991818997,2.2942162991818997,0
0.7100000000000001,2.8928789686843475,2.8928789686843475,0
0.7108333333333334,2.8797405797432467,2.8797405797432467,0
0.7116666666666667,2.85980113453311,2.85980113453311,0
0.7125,2.820860635221756,2.820860635221756,0
0.7133333333333334,2.808819083970334,2.808819083970334,0
0.7141666666666667,2.7923764829333577,2.7923764829333577,0
0.7150000000000001,2.751032834258726,2.751032834258726,0
0.7158333333333334,2.7350881400877523,2.7350881400877523,0
0.7166666666666667,2.7070424025551927,2.7070424025551927,0
0.7175,2.6838956237892715,2.6838956237892715,0
0.7183333333333334,2.6690478059117075,2.6690478059117075,0
0.7191666666666667,2.634698951037742,2.634698951037742,0
0.7200000000000001,2.618449061276162,2.618449061276162,0
0.7208333333333333,2.606498138729331,2.606498138729331,0
0.7216666666666667,2.5663461854932104,2.5663461854932104,0
0.7225,2.5562932036573898,2.5562932036573898,0
0.7233333333333334,2.5330391953051095,2.5330391953051095,0
0.7241666666666667,2.5011841625132876,2.5011841625132876,0
0.7250000000000001,2.4853281073525437,2.4853281073525437,0
0.7258333333333333,2.4581710318872294,2.4581710318872294,0
0.7266666666666667,2.4281129381754476,2.4281129381754476,0
0.7275,2.406553828269081,2.406553828269081,0
0.7283333333333334,2.3941937042138157,2.3941937042138157,0
0.7291666666666667,2.3651325680491677,2.3651325680491677,0
0.7300000000000001,2.342070421808507,2.342070421808507,0
0.7308333333333333,2.32910726751908,2.32910726751908,0
0.7316666666666667,2.294443107202039,2.294443107202039,0
0.7325,2.279277942872462,2.279277942872462,0
0.7333333333333334,2.257211776539379,2.257211776539379,0
0.7341666666666667,2.2183446102057958,2.2183446102057958,0
0.7350000000000001,2.1971764458687186,2.1971764458687186,0
0.7358333333333333,2.176707285519177,2.176707285519177,0
0.7366666666666667,2.1641371311422493,2.1641371311422493,0
0.7375,2.1328659847170846,2.1328659847170846,0
0.7383333333333334,2.1029938482169266,2.1029938482169266,0
0.7391666666666667,2.0804207236091377,2.0804207236091377,0
0.7400000000000001,2.0685466128552226,2.0685466128552226,0
0.7408333333333333,2.0624715179108506,2.0624715179108506,0
0.7416666666666667,2.0500691249364063,2.0500691249364063,0
0.7425,2.0566657516654328,2.0566657516654328,0
0.7433333333333334,2.0421614000362314,2.0421614000362314,0
0.7441666666666668,2.0248560719813637,2.0248560719813637,0
0.745,2.023649769427668,2.023649769427668,0
0.7458333333333333,2.013142494296287,2.013142494296287,0
0.7466666666666667,2.0082342485026863,2.0082342485026863,0
0.7475,1.9899250339566787,1.9899250339566787,0
0.7483333333333334,1.9916148525624466,1.9916148525624466,0
0.7491666666666668,1.978703706218563,1.978703706218563,0
0.75,1.9753915968180145,1.9753915968180145,0
0.7508333333333334,1.9636785262482228,1.9636785262482228,0
0.7516666666666667,1.951964496391067,1.951964496391067,0
0.7525000000000001,1.940149509122903,1.940149509122903,0
0.7533333333333334,1.9428335663145895,1.9428335663145895,0
0.7541666666666668,1.927116669831505,1.927116669831505,0
0.755,1.9154988215335707,1.9154988215335707,0
0.7558333333333334,1.9075800232752735,1.9075800232752735,0
0.7566666666666667,1.9053602769056854,1.9053602769056854,0
0.7575000000000001,1.8897395842684843,1.8897395842684843,0
0.7583333333333334,1.8818179472019758,1.8818179472019758,0
0.7591666666666668,1.871395367539114,1.871395367539114,0
0.76,1.8746718471075217,1.8746718471075217,0
0.7608333333333334,1.8576473877295119,1.8576473877295119,0
0.7616666666666667,1.8437219912221074,1.8437219912221074,0
0.7625000000000001,1.845495659397062,1.845495659397062,0
0.7633333333333334,1.8249683940608807,1.8249683940608807,0
0.7641666666666667,1.8165401970148392,1.8165401970148392,0
0.765,1.8074110700550055,1.8074110700550055,0
0.7658333333333334,1.8156810149722584,1.8156810149722584,0
0.7666666666666667,1.7887500335523092,1.7887500335523092,0
0.7675000000000001,1.7834181275757195,1.7834181275757195,0
0.7683333333333334,1.7802852988179223,1.7802852988179223,0
0.7691666666666667,1.7658515490492421,1.7658515490492421,0
0.77,1.7565168800349134,1.7565168800349134,0
0.7708333333333334,1.7471812935351005,1.7471812935351005,0
0.7716666666666667,1.7542447913049168,1.7542447913049168,0
0.7725000000000001,1.7460073750944454,1.7460073750944454,0
0.7733333333333334,1.7417953624382292,1.7417953624382292,0
0.7741666666666667,1.9741157726202054,1.9741157726202054,0
0.775,2.212335274042144,2.212335274042144,0
0.7758333333333334,2.439953868434193,2.439953868434193,0
0.7766666666666667,2.45053822418823,2.45053822418823,0
0.7775000000000001,2.4538216763578844,2.4538216763578844,0
0.7783333333333334,2.502123274277597,2.502123274277597,0
0.7791666666666667,2.537423972038837,2.537423972038837,0
0.78,2.589223771347258,2.589223771347258,0
0.7808333333333334,2.6443226739036696,2.6443226739036696,0
0.7816666666666667,2.6912206814040576,2.6912206814040576,0
0.7825000000000001,2.7527177955396005,2.7527177955396005,0
0.7833333333333334,2.794714017996688,2.794714017996688,0
0.7841666666666667,2.837509350456939,2.837509350456939,0
0.785,2.8887037945972214,2.8887037945972214,0
0.7858333333333334,2.9428973520896657,2.9428973520896657,0
0.7866666666666667,2.994290024601689,2.994290024601689,0
0.7875000000000001,3.0484818137960055,3.0484818137960055,0
0.7883333333333333,3.0893727213306503,3.0893727213306503,0
0.7891666666666667,3.132262748858995,3.132262748858995,0
0.79,3.178051898029763,3.178051898029763,0
0.7908333333333334,3.2399401704870487,3.2399401704870487,0
0.7916666666666667,3.294227567870336,3.294227567870336,0
0.7925000000000001,3.3386140918145144,3.3386140918145144,0
0.7933333333333333,3.3846997439498936,3.3846997439498936,0
0.7941666666666667,3.4381845259022255,3.4381845259022255,0
0.795,3.4820684392927186,3.4820684392927186,0
0.7958333333333334,3.489632438119005,3.489632438119005,0
0.7966666666666667,3.452738428755162,3.452738428755162,0
0.7975000000000001,3.405743555666011,3.405743555666011,0
0.7983333333333333,3.3639478204547557,3.3639478204547557,0
0.7991666666666667,3.3189512247201383,3.3189512247201383,0
0.8,3.2799537700564594,3.2799537700564594,0
0.8008333333333334,3.2327554580535933,3.2327554580535933,0
0.8016666666666667,3.1900562902970018,3.1900562902970018,0
0.8025000000000001,3.154056268367756,3.154056268367756,0
0.8033333333333333,3.1060553938425475,3.1060553938425475,0
0.8041666666666667,3.0670536682937066,3.0670536682937066,0
0.805,3.0305510932892177,3.0305510932892177,0
0.8058333333333334,2.9877476703927366,2.9877476703927366,0
0.8066666666666668,2.9428434011636058,2.9428434011636058,0
0.8075000000000001,2.903138287156869,2.903138287156869,0
0.8083333333333333,2.869532329923288,2.869532329923288,0
0.8091666666666667,2.8282255310093602,2.8282255310093602,0
0.81,2.79411789195733,2.79411789195733,0
0.8108333333333334,2.751709414305209,2.751709414305209,0
0.8116666666666668,2.707600099586787,2.707600099586787,0
0.8125,2.6558899493316526,2.6558899493316526,0
0.8133333333333334,2.6288789650652027,2.6288789650652027,0
0.8141666666666667,2.633824291165805,2.633824291165805,0
0.8150000000000001,2.596946564071162,2.596946564071162,0
0.8158333333333334,2.5883680075164186,2.5883680075164186,0
0.8166666666666668,2.57238862301037,2.57238862301037,0
0.8175,2.5343084120576993,2.5343084120576993,0
0.8183333333333334,2.52512737615899,2.52512737615899,0
0.8191666666666667,2.4921455168107447,2.4921455168107447,0
0.8200000000000001,2.4891628355053936,2.4891628355053936,0
0.8208333333333334,2.459479333731317,2.459479333731317,0
0.8216666666666668,2.4369950129728553,2.4369950129728553,0
0.8225,2.4325320969325452,2.4325320969325452,0
0.8233333333333334,2.4646578385486815,2.4646578385486815,0
0.8241666666666667,2.4743827656093633,2.4743827656093633,0
0.8250000000000001,2.50390687958292,2.50390687958292,0
0.8258333333333334,2.5158301819337137,2.5158301819337137,0
0.8266666666666668,2.5285526741221553,2.5285526741221553,0
0.8275,2.555174357604716,2.555174357604716,0
0.8283333333333334,2.5560952338339447,2.5560952338339447,0
0.8291666666666667,2.5850153042584783,2.5850153042584783,0
0.8300000000000001,2.594634570323059,2.594634570323059,0
0.8308333333333334,2.6193530334685478,2.6193530334685478,0
0.8316666666666667,2.6369706951319354,2.6369706951319354,0
0.8325,2.65428755674636,2.65428755674636,0
0.8333333333333334,2.677203619741119,2.677203619741119,0
0.8341666666666667,2.6885188855416824,2.6885188855416824,0
0.8350000000000001,2.7051333555697084,2.7051333555697084,0
0.8358333333333334,2.7146470312430537,2.7146470312430537,0
0.8366666666666667,2.73135991397579,2.73135991397579,0
0.8375,2.7491720051782185,2.7491720051782185,0
0.8383333333333334,2.7829833062568774,2.7829833062568774,0
0.8391666666666667,2.784393818614562,2.784393818614562,0
0.8400000000000001,2.810303543650334,2.810303543650334,0
0.8408333333333334,2.8356124827595353,2.8356124827595353,0
0.8416666666666667,2.8448206373338034,2.8448206373338034,0
0.8425,2.8683280087610816,2.8683280087610816,0
0.8433333333333334,2.8758345984256333,2.8758345984256333,0
0.8441666666666667,2.889040407708055,2.889040407708055,0
0.8450000000000001,2.9240454379852903,2.9240454379852903,0
0.8458333333333334,2.9250496906306394,2.9250496906306394,0
0.8466666666666667,2.944353167013777,2.944353167013777,0
0.8475,2.96565586850076,2.96565586850076,0
0.8483333333333334,2.9850577964540443,2.9850577964540443,0
0.8491666666666667,2.993158952232494,2.993158952232494,0
0.8500000000000001,3.027659337191397,3.027659337191397,0
0.8508333333333334,3.0291589526824754,3.0291589526824754,0
0.8516666666666667,3.046557800053899,3.046557800053899,0
0.8525,3.081555880650298,3.081555880650298,0
0.8533333333333334,3.098253195812775,3.098253195812775,0
0.8541666666666667,3.111849746878915,3.111849746878915,0
0.8550000000000001,3.1029560614985936,3.1029560614985936,0
0.8558333333333333,3.09890371994977,3.09890371994977,0
0.8566666666666667,3.0814506182964028,3.0814506182964028,0
0.8575,3.0821967578621376,3.0821967578621376,0
0.8583333333333334,3.0604421399671695,3.0604421399671695,0
0.8591666666666667,3.0456867659282474,3.0456867659282474,0
0.8600000000000001,3.044630637058692,3.044630637058692,0
0.8608333333333333,3.0216737546684063,3.0216737546684063,0
0.8616666666666667,3.0113161200638836,3.0113161200638836,0
0.8625,3.0008577345482235,3.0008577345482235,0
0.8633333333333334,2.9899985994211433,2.9899985994211433,0
0.8641666666666667,2.9916387159789886,2.9916387159789886,0
0.8650000000000001,2.9633780855147434,2.9633780855147434,0
0.8658333333333333,2.965616709318046,2.965616709318046,0
0.8666666666666667,2.9489545886751958,2.9489545886751958,0
0.8675,2.9448917248691684,2.9448917248691684,0
0.8683333333333334,2.920528119179625,2.920528119179625,0
0.8691666666666668,2.9176637728829236,2.9176637728829236,0
0.8700000000000001,2.8952986872521334,2.8952986872521334,0
0.8708333333333333,2.8958328635570423,2.8958328635570423,0
0.8716666666666667,2.8834663030641705,2.8834663030641705,0
0.8725,2.8625990070367804,2.8625990070367804,0
0.8733333333333334,2.864330976734888,2.864330976734888,0
0.8741666666666668,2.8452622134152747,2.8452622134152747,0
0.8750000000000001,2.8283927183314996,2.8283927183314996,0
0.8758333333333334,2.8125224927339065,2.8125224927339065,0
0.8766666666666667,2.8189515378696384,2.8189515378696384,0
0.8775000000000001,2.798779854982647,2.798779854982647,0
0.8783333333333334,2.7933074453137046,2.7933074453137046,0
0.8791666666666668,2.769034310100414,2.769034310100414,0
0.88,2.7631604505772174,2.7631604505772174,0
0.8808333333333334,2.760385867975413,2.760385867975413,0
0.8816666666666667,2.74551056352316,2.74551056352316,0
0.8825000000000001,2.73133453844549,2.73133453844549,0
0.8833333333333334,2.7268577939643204,2.7268577939643204,0
0.8841666666666668,2.7098803312984643,2.7098803312984643,0
0.885,2.705902151663636,2.705902151663636,0
0.8858333333333334,2.684123256272471,2.684123256272471,0
0.8866666666666667,2.6640436463345263,2.6640436463345263,0
0.8875000000000001,3.28162121779314,3.28162121779314,0
0.8883333333333334,3.2549980771149127,3.2549980771149127,0
0.8891666666666668,3.227574225500243,3.227574225500243,0
0.89,3.1971496641464987,3.1971496641464987,0
0.8908333333333334,3.178324394248024,3.178324394248024,0
0.8916666666666667,3.1560984169961497,3.1560984169961497,0
0.8925000000000001,3.129471733579208,3.129471733579208,0
0.8933333333333334,3.1084443451825368,3.1084443451825368,0
0.8941666666666668,3.0826162529884913,3.0826162529884913,0
0.895,3.057087458176456,3.057087458176456,0
0.8958333333333334,3.044457961922853,3.044457961922853,0
0.8966666666666667,3.0253277654011526,3.0253277654011526,0
0.8975000000000001,2.985396869781882,2.985396869781882,0
0.8983333333333334,2.9666652762326366,2.9666652762326366,0
0.8991666666666667,2.940932985918089,2.940932985918089,0
0.9,2.9273,2.9273,0
0.9008333333333334,2.9012663196372253,2.9012663196372253,0
0.9016666666666667,2.8807319459857283,2.8807319459857283,0
0.9025000000000001,2.8646968801985873,2.8646968801985873,0
0.9033333333333334,2.8396611234260085,2.8396611234260085,0
0.9041666666666667,2.81012467681533,2.81012467681533,0
0.905,2.7918875415110387,2.7918875415110387,0
0.9058333333333334,2.7612497186547733,2.7612497186547733,0
0.9066666666666667,2.7325112093853354,2.7325112093853354,0
0.9075000000000001,2.709572014838701,2.709572014838701,0
0.9083333333333334,2.6893321361480287,2.6893321361480287,0
0.9091666666666667,2.667991574443667,2.667991574443667,0
0.91,2.6481503308531678,2.6481503308531678,0
0.9108333333333334,2.625708406501292,2.625708406501292,0
0.9116666666666667,2.602565802510019,2.602565802510019,0
0.9125000000000001,2.5740225199985574,2.5740225199985574,0
0.9133333333333334,2.5487785600833543,2.5487785600833543,0
0.9141666666666667,2.526033923878102,2.526033923878102,0
0.915,2.500788612493751,2.500788612493751,0
0.9158333333333334,2.4820426270385134,2.4820426270385134,0
0.9166666666666667,2.4589959686178777,2.4589959686178777,0
0.9175000000000001,2.4444486383346127,2.4444486383346127,0
0.9183333333333334,2.4287006372887827,2.4287006372887827,0
0.9191666666666667,2.4353256507882737,2.4353256507882737,0
0.92,2.458349995717232,3.458349995717232,1
0.9208333333333334,2.360073673167648,3.351518534541456,1
0.9216666666666667,2.3756966842288376,3.3416225105178996,1
0.9225000000000001,2.323619029987452,3.247498562498728,1
0.9233333333333333,2.3265407115274876,3.1925661153119242,1
0.9241666666666667,2.398461729930294,3.1918150702215238,1
0.925,2.4380820862745822,3.145188867461121,1
0.9258333333333334,2.399801781636432,3.008563210645139,1
0.9266666666666667,2.3203208170893035,2.820320817089285,1
0.9275000000000001,2.398939193704042,2.781622626069108,1
0.9283333333333333,2.2920569125488903,2.5508759576514093,1
0.9291666666666667,2.2922739746894947,2.4228001669095405,1
0.93,2.2506903811889134,2.250690381188903,1
0.9308333333333334,2.275506133107625,2.1449799408875587,1
0.9316666666666668,2.308921231503538,2.050102186400999,1
0.9325000000000001,2.185835677431999,1.8031522450668878,1
0.9333333333333333,2.3365494719457978,1.8365494719457987,1
0.9341666666666667,2.1591626160951822,1.550401187086459,1
0.935,2.1955751109278587,1.488468329741306,1
0.9358333333333334,2.292386957489005,1.4990336171977625,1
0.9366666666666668,2.2151981568212795,1.3491727530368327,1
0.9375000000000001,2.297308709964822,1.3734291774535277,1
0.9383333333333334,2.184218617957272,1.2182927916682047,1
0.9391666666666667,2.108327881833769,1.1168830204599587,1
0.9400000000000001,2.251736502626965,1.2517365026269651,1
0.9408333333333334,2.2514444813670305,1.2599996199932213,1
0.9416666666666668,2.240251819081659,1.2743259927925945,1
0.9425000000000001,2.1334585167960833,1.2095789842848035,1
0.9433333333333334,2.1262645755330754,1.2602391717486334,1
0.9441666666666667,2.202169996312959,1.4088166560217226,1
0.9450000000000001,2.2278747801536167,1.5207679989670706,1
0.9458333333333334,2.060078928070495,1.4513174990617794,1
0.9466666666666668,2.042082441076614,1.5420824410766234,1
0.9475,2.047585320182577,1.6649018878175013,1
0.9483333333333334,2.170987566396575,1.912168521294073,1
0.9491666666666667,2.1881891807243963,2.05766298850434,1
0.9500000000000001,2.133590164169432,2.1335901641694317,1
0.9508333333333334,2.017316833522161,2.1478430257422163,1
0.9516666666666668,2.326976207325067,2.585795252427596,1
0.9525,2.6511349532410664,3.0338183856061676,1
0.9533333333333334,2.761593072264045,3.261593072264059,1
0.9541666666666667,2.7929172320521953,3.4016786610609326,1
0.9550000000000001,2.82134076692803,3.5284475481145954,1
0.9558333333333334,2.8180827254974288,3.6114360657886646,1
0.9566666666666668,2.837424061125842,3.7034494649102836,1
0.9575,2.8656647747954396,3.78954430730673,1
0.9583333333333334,2.9704048674860695,3.936330693775141,1
0.9591666666666667,2.9873443401752673,3.97878920154908,1
0.9600000000000001,3.062083193838262,4.062083193838262,1
0.9608333333333334,3.149121429447982,4.1405662908217895,1
0.9616666666666668,3.1745590479750647,4.140484874264125,1
0.9625,3.1870960503878636,4.110975582899147,1
0.9633333333333334,3.2472324376524533,4.113257841436886,1
0.9641666666666667,3.4404682107326385,4.233821551023865,1
0.9650000000000001,3.3770033705899603,4.0841101517764935,1
0.9658333333333334,3.408637918183704,4.017399347192406,1
0.9666666666666667,3.4791718544709047,3.9791718544709047,1
0.9675,3.621105180406357,4.003788612771443,1
0.9683333333333334,3.500437896942619,3.7592569420451314,1
0.9691666666666667,3.689070005030021,3.8195961972500596,1
0.9700000000000001,3.670701505616672,3.6707015056166545,1
0.9708333333333334,3.765232399648467,3.634706207428394,1
0.9716666666666667,3.786462688069092,3.527643642966574,1
0.9725,3.8711923718200345,3.488508939454943,1
0.9733333333333334,3.8902024042215406,3.3902024042215357,1
0.9741666666666667,3.7183546909726197,3.109593261963891,1
0.9750000000000001,3.721806375865341,3.0146995946787833,1
0.9758333333333334,3.7468574598324556,2.953504119541209,1
0.9766666666666667,3.5703079438045506,2.704282540020115,1
0.9775,3.7357578287100512,2.811878296198765,1
0.9783333333333334,3.6589071154752304,2.6929812891861613,1
0.9791666666666667,3.5464558050242134,2.555010943650402,1
0.9800000000000001,3.478303898278986,2.478303898278986,1
0.9808333333333334,3.4688513961594,2.4774065347855916,1
0.9816666666666667,3.4562982995831812,2.490372473294111,1
0.9825,3.4455446094659363,2.521665076954648,1
0.9833333333333334,3.3155903267211553,2.449564922936717,1
0.9841666666666667,3.3821354522602234,2.588782111968991,1
0.9850000000000001,3.249379986992423,2.542273205805882,1
0.9858333333333335,3.202723931824944,2.5939625028162343,1
0.9866666666666667,3.1574672876628878,2.657467287662903,1
0.9875,3.1625100554092733,2.7798266230442037,1
0.9883333333333334,3.0868522359650465,2.8280331908625236,1
0.9891666666666667,3.114793830229083,2.9842676380090336,1
0.9900000000000001,2.9505348390981956,2.950534839098202,1
0.9908333333333333,2.962475263467142,3.093001455687204,1
0.9916666666666667,3.049272247085772,3.3080912921883074,1
0.9925,2.9231464257653865,3.305829858130494,1
0.9933333333333334,2.9432200226168317,3.443220022616852,1
0.9941666666666668,3.004893038526705,3.6136544675354476,1
0.9950000000000001,2.9540654743795756,3.6611722555661257,1
0.9958333333333333,2.934837331057996,3.7281906713492363,1
0.9966666666666667,2.8725086094425043,3.738534013226949,1
0.9975,2.790279310411634,3.7141588429229273,1
0.9983333333333334,2.726249434841916,3.6921752611309895,1
0.9991666666666668,2.70271898360789,3.694163844981704,1
1.0,2.847210179804325,3.847210179804325,1
1.0008333333333335,2.802790275763778,3.794235137137584,1
1.0016666666666667,2.8754697986706277,3.8413956249596932,1
1.0025000000000002,2.7566487493914957,3.6805282819027774,1
1.0033333333333334,2.883827128791037,3.7498525325754666,1
1.0041666666666667,2.91200493773195,3.705358278023189,1
1.0050000000000001,2.9341821770749794,3.641288958261508,1
1.0058333333333334,2.881958847678923,3.4907202766876417,1
1.0066666666666668,2.835834950400639,3.335834950400608,1
1.0075,3.000510486095049,3.3831939184601283,1
1.0083333333333333,3.0556854556151465,3.3145045007176797,1
1.0091666666666668,2.9913598598120026,3.1218860520320346,1
1.01,2.9137336995347694,2.913733699534774,1
1.0108333333333335,2.993306975630688,2.8627807834106083,1
1.0116666666666667,3.0124796889450915,2.753660643842567,1
1.0125,3.135851840321416,2.7531684079563448,1
1.0133333333333334,3.135323430601201,2.63532343060119,1
1.0141666666666667,3.015394460624097,2.4066330316153857,1
1.0150000000000001,3.2010649312278714,2.493958150041309,1
1.0158333333333334,3.099534843248415,2.3061815029571813,1
1.0166666666666668,3.206404197519743,2.3403787937352893,1
1.0175,3.075272994874008,2.1513934623627193,1
1.0183333333333333,3.1101412361415006,2.1442154098524298,1
1.0191666666666668,3.146008922150655,2.154564060776843,1
1.02,3.144576053728056,2.144576053728056,1
1.0208333333333335,3.2312426316984446,2.2397977703246372,1
1.0216666666666667,3.189308656884722,2.2233828305956536,1
1.0225,3.1797741301079565,2.255894597596671,1
1.0233333333333334,3.291939052187389,2.425913648402954,1
1.0241666666666667,3.2001034239404365,2.406750083649208,1
1.0250000000000001,3.368967246182699,2.661860464996163,1
1.0258333333333334,3.2638305197279673,2.655069090719263,1
1.0266666666666668,3.335493245388222,2.835493245388243,1
1.0275,3.389755423973644,3.007071991608554,1
1.0283333333333333,3.43201705629262,3.1731980111901037,1
1.0291666666666668,3.4426781431517446,3.312151950931702,1
1.03,3.3269386853558287,3.326938685355842,1
1.0308333333333335,3.4818986837079002,3.612424875927969,1
1.0316666666666667,3.435858139009217,3.694677184111759,1
1.0325,3.507427578375052,3.8901110107401395,1
1.0333333333333334,3.3753385815504977,3.875338581550524,1
1.0341666666666667,3.410549044068357,4.019310473077082,1
1.0350000000000001,3.48445896672284,4.1915657479093955,1
1.0358333333333334,3.392168350306406,4.18552169059765,1
1.0366666666666666,3.3114771956097715,4.177502599394206,1
1.0375,3.3380855034219157,4.261965035933211,1
1.0383333333333333,3.465093274530082,4.43101910081915,1
1.0391666666666668,3.3438005097197876,4.3352453710936025,1
1.04,3.2849072097748255,4.2849072097748255,1
1.0408333333333335,3.27121337547727,4.262658236851076,1
1.0416666666666667,3.308419007607483,4.274344833896547,1
1.0425,3.3005241069441174,4.224403639455407,1
1.0433333333333334,3.3013286742641252,4.167354078048551,1
1.0441666666666667,3.245332710342756,4.0386860506339906,1
1.0450000000000002,3.3245362159535716,4.0316429971400956,1
1.0458333333333334,3.2715391918684396,3.8803006208771524,1
1.0466666666666666,3.309741638857548,3.809741638857561,1
1.0475,3.3276435576894055,3.7103269900544786,1
1.0483333333333333,3.305044949130846,3.5638639942333725,1
1.0491666666666668,3.115845813947035,3.2463720061670602,1
1.05,3.169846152901475,3.1698461529014725,1
1.0508333333333335,3.203245966756008,3.0727197745359214,1
1.0516666666666667,3.2308452562708223,2.972026211168291,1
1.0525,3.2166440222044557,2.833960589839378,1
1.0533333333333335,3.237742265313804,2.7377422653137873,1
1.0541666666666667,3.0727399863541196,2.4639785573454027,1
1.0550000000000002,3.17893718607902,2.4718304048924526,1
1.0558333333333334,3.1726338652404946,2.379280524949257,1
1.0566666666666666,3.2044300245889037,2.338404620804461,1
1.0575,3.1742256648729894,2.250346132361698,1
1.0583333333333333,3.1058207868398737,2.139894960550801,1
1.0591666666666668,3.064215391235071,2.0727705298612578,1
1.06,2.999609478802484,1.9996094788024839,1
1.0608333333333333,3.014403050284416,2.0229581889106054,1
1.0616666666666668,3.1245961064215706,2.1586702801325037,1
1.0625,3.0693886479530583,2.1455091154417754,1
1.0633333333333335,3.021980675616402,2.1559552718319708,1
1.0641666666666667,3.084672190147537,2.2913188498563133,1
1.0650000000000002,3.6776210870176644,2.970514305831133,1
1.0658333333333334,3.496069472222723,2.887308043214024,1
1.0666666666666667,3.641917346493925,3.1419173464939276,1
1.0675000000000001,3.575864710560915,3.193181278195832,1
1.0683333333333334,3.4916115651517767,3.232792520049267,1
1.0691666666666668,3.5287579109930363,3.3982317187730002,1
1.07,3.445903748809665,3.445903748809685,1
1.0708333333333333,3.356349079325088,3.4868752715451357,1
1.0716666666666668,3.473593903261185,3.7324129483637334,1
1.0725,3.5042382213382974,3.8869216537033915,1
1.0733333333333335,3.3824820342752298,3.8824820342752373,1
1.0741666666666667,3.367125342789255,3.975886771797986,1
1.0750000000000002,3.272468147596123,3.9795749287826827,1
1.0758333333333334,3.3479104494100556,4.141263789701304,1
1.0766666666666667,3.3277522489437628,4.1937776527282,1
1.0775000000000001,3.1613935469084358,4.085273079419734,1
1.0783333333333334,3.20143434401376,4.16736017030283,1
1.0791666666666668,3.1801746409679135,4.171619502341729,1
1.08,3.104514438477574,4.104514438477574,1
1.0808333333333333,3.1537537372479223,4.145198598621734,1
1.0816666666666668,3.103592537982648,4.06951836427171,1
1.0825,3.181730841383951,4.105610373895238,1
1.0833333333333335,3.1053686481525484,3.9713940519369713,1
1.0841666666666667,3.0677059589876756,3.861059299278906,1
1.085,3.074242774587095,3.781349555773654,1
1.0858333333333334,3.1013790956470944,3.710140524655802,1
1.0866666666666667,2.9282149228624963,3.428214922862503,1
1.0875000000000001,2.9246502569266597,3.3073336892917267,1
1.0883333333333334,3.0057850985314825,3.2646041436340028,1
1.0891666666666668,2.999519448367412,3.13004564058743,1
1.09,2.9039533071234387,2.9039533071234294,1
1.0908333333333333,2.955686675487109,2.825160483267072,1
1.0916666666666668,2.8724195541445283,2.6136005090419903,1
1.0925,2.7783519437803594,2.3956685114152756,1
1.0933333333333335,2.744983845077833,2.24498384507781,1
1.0941666666666667,2.758615258718747,2.1498538297100245,1
1.095,2.6951461853834737,1.9880394041969214,1
1.0958333333333334,2.782576625750963,1.9892232854597214,1
1.0966666666666667,2.8092802647092703,1.943254860924824,1
1.0975000000000001,2.800983418723986,1.877103886212692,1
1.0983333333333334,2.6831860884698133,1.7172602621807462,1
1.0991666666666668,2.7289882746200487,1.7375434132462346,1
1.1,2.8160899778465867,1.8160899778465867,1
1.1008333333333333,2.712291198819922,1.7208463374461125,1
1.1016666666666668,2.643191938209154,1.6772661119200891,1
1.1025,2.7062921966819897,1.7824126641707094,1
1.1033333333333335,2.6277919749047505,1.7617665711203223,1
1.1041666666666667,2.673591273542371,1.8802379332511512,1
1.105,2.6990900932584077,1.991983312071861,1
1.1058333333333334,2.6690884347150416,2.060327005706325,1
1.1066666666666667,2.633486298573079,2.1334862985730876,1
1.1075000000000002,2.622283685491959,2.2396002531268824,1
1.1083333333333334,2.605980596129757,2.347161551027254,1
1.1091666666666666,2.562777031143184,2.4322508389231268,1
1.11,2.5149729911875975,2.5149729911876246,1
1.1108333333333333,2.6761684769169984,2.8066946691370527,1
1.1116666666666668,2.5825634889840403,2.8413825340865952,1
1.1125,2.608358028040027,2.9910414604051274,1
1.1133333333333335,2.6529520947349257,3.152952094734939,1
1.1141666666666667,2.572845689717359,3.1816071187260953,1
1.115,2.649238813634617,3.3563455948211613,1
1.1158333333333335,2.553431467132659,2.553431467132659,0
1.1166666666666667,2.5589236508561153,2.5589236508561153,0
1.1175000000000002,2.538015365448292,2.538015365448292,0
1.1183333333333334,2.531406611551176,2.531406611551176,0
1.1191666666666666,2.512697389805436,2.512697389805436,0
1.12,2.5194877008504286,2.5194877008504286,0
1.1208333333333333,2.4989775453241987,2.4989775453241987,0
1.1216666666666668,2.494466923863488,2.494466923863488,0
1.1225,2.484155837103732,2.484155837103732,0
1.1233333333333333,2.486944285679071,2.486944285679071,0
1.1241666666666668,2.472032270222347,2.472032270222347,0
1.125,2.4630197913651113,2.4630197913651113,0
1.1258333333333335,2.442406849737627,2.442406849737627,0
1.1266666666666667,2.44819344596887,2.44819344596887,0
1.1275000000000002,2.429579580686539,2.429579580686539,0
1.1283333333333334,2.434791570306524,2.434791570306524,0
1.1291666666666667,2.6620364329978283,2.6620364329978283,0
1.1300000000000001,2.893980836050993,2.893980836050993,0
1.1308333333333334,3.1471247800886215,3.1471247800886215,0
1.1316666666666668,3.1357349323987225,3.1357349323987225,0
1.1325,3.1409446269347083,3.1409446269347083,0
1.1333333333333333,3.18697291193445,3.18697291193445,0
1.1341666666666668,3.237200740396469,3.237200740396469,0
1.135,3.2884281129370834,3.2884281129370834,0
1.1358333333333335,3.3415550301713646,3.3415550301713646,0
1.1366666666666667,3.388681492713139,3.388681492713139,0
1.1375000000000002,3.4271075011749943,3.4271075011749943,0
1.1383333333333334,3.483033056168279,3.483033056168279,0
1.1391666666666667,3.541958158303111,3.541958158303111,0
1.1400000000000001,3.5887828081883746,3.5887828081883746,0
1.1408333333333334,3.6383070064317273,3.6383070064317273,0
1.1416666666666668,3.673730753639604,3.673730753639604,0
1.1425,3.734554050417218,3.734554050417218,0
1.1433333333333333,3.777976897368567,3.777976897368567,0
1.1441666666666668,3.837199295096432,3.837199295096432,0
1.145,3.881921244202385,3.881921244202385,0
1.1458333333333335,3.9218427452867903,3.9218427452867903,0
1.1466666666666667,3.973163798948807,3.973163798948807,0
1.1475,4.029184405786394,4.029184405786394,0
1.1483333333333334,4.082104566396311,4.082104566396311,0
1.1491666666666667,4.1216242813741255,4.1216242813741255,0
1.1500000000000001,4.17774355131421,4.17774355131421,0
1.1508333333333334,4.1842433291907035,4.1842433291907035,0
1.1516666666666668,4.138185520357513,4.138185520357513,0
1.1525,4.099127268262597,4.099127268262597,0
1.1533333333333333,4.055168573495599,4.055168573495599,0
1.1541666666666668,4.00580943664498,4.00580943664498,0
1.155,3.9751498582980327,3.9751498582980327,0
1.1558333333333335,3.9292898390408806,3.9292898390408806,0
1.1566666666666667,3.8851293794584767,3.8851293794584767,0
1.1575,3.845568480134614,3.845568480134614,0
1.1583333333333334,3.809507141651926,3.809507141651926,0
1.1591666666666667,3.7558453645918863,3.7558453645918863,0
1.1600000000000001,3.7216831495348153,3.7216831495348153,0
1.1608333333333334,3.681520497059884,3.681520497059884,0
1.1616666666666668,3.644257407745112,3.644257407745112,0
1.1625,3.591493882167378,3.591493882167378,0
1.1633333333333333,3.557429920902416,3.557429920902416,0
1.1641666666666668,3.5185655245248215,3.5185655245248215,0
1.165,3.4627006936080553,3.4627006936080553,0
1.1658333333333335,3.4283354287244436,3.4283354287244436,0
1.1666666666666667,3.3917697304451835,3.3917697304451835,0
1.1675,3.3462035993403445,3.3462035993403445,0
1.1683333333333334,3.306037035978873,3.306037035978873,0
1.1691666666666667,3.303227183785737,3.303227183785737,0
1.1700000000000002,3.2855946782482786,3.2855946782482786,0
1.1708333333333334,3.26906174215431,3.26906174215431,0
1.1716666666666666,3.2419283760683104,3.2419283760683104,0
1.1725,3.228194580553652,3.228194580553652,0
1.1733333333333333,3.1953603561725963,3.1953603561725963,0
1.1741666666666668,3.1810257034863043,3.1810257034863043,0
1.175,3.1688906230548337,3.1688906230548337,0
1.1758333333333335,3.135155115437148,3.135155115437148,0
1.1766666666666667,3.121019181191112,3.121019181191112,0
1.1775,3.130505043095723,3.130505043095723,0
1.1783333333333335,3.1361799531686545,3.1361799531686545,0
1.1791666666666667,3.1582544382802937,3.1582544382802937,0
1.1800000000000002,3.1828284989841578,3.1828284989841578,0
1.1808333333333334,3.19840213583268,3.19840213583268,0
1.1816666666666666,3.200475349377217,3.200475349377217,0
1.1825,3.219348140168051,3.219348140168051,0
1.1833333333333333,3.2462205087543903,3.2462205087543903,0
1.1841666666666668,3.259692455684375,3.259692455684375,0
1.185,3.286963981505078,3.286963981505078,0
1.1858333333333335,3.2865350867625085,3.2865350867625085,0
1.1866666666666668,3.303805772001613,3.303805772001613,0
1.1875,3.3211760377662802,3.3211760377662802,0
1.1883333333333335,3.3517458845993455,3.3517458845993455,0
1.1891666666666667,3.3620153130425887,3.3620153130425887,0
1.1900000000000002,3.379584323636739,3.379584323636739,0
1.1908333333333334,3.3896529169214786,3.3896529169214786,0
1.1916666666666667,3.4143210934354458,3.4143210934354458,0
1.1925000000000001,3.439688853716237,3.439688853716237,0
1.1933333333333334,3.443356198300406,3.443356198300406,0
1.1941666666666668,3.467623127723473,3.467623127723473,0
1.195,3.488889642519922,3.488889642519922,0
1.1958333333333333,3.5032557432232077,3.5032557432232077,0
1.1966666666666668,3.5223214303657544,3.5223214303657544,0
1.1975,3.5353867044789595,3.5353867044789595,0
1.1983333333333335,3.5601515660931984,3.5601515660931984,0
1.1991666666666667,3.5643160157378255,3.5643160157378255,0
1.2000000000000002,3.5941800539411757,3.5941800539411757,0
1.2008333333333334,3.6044436812305687,3.6044436812305687,0
1.2016666666666667,3.6307068981323116,3.6307068981323116,0
1.2025000000000001,3.649269705171701,3.649269705171701,0
1.2033333333333334,3.6526321028730244,3.6526321028730244,0
1.2041666666666668,3.675494091759566,3.675494091759566,0
1.205,3.687755672353604,3.687755672353604,0
1.2058333333333333,3.7192168451764203,3.7192168451764203,0
1.2066666666666668,3.724477610748297,3.724477610748297,0
1.2075,3.7464379695885204,3.7464379695885204,0
1.2083333333333335,3.7610979222153853,3.7610979222153853,0
1.2091666666666667,3.787957469146196,3.787957469146196,0
1.2100000000000002,3.7823271372130605,3.7823271372130605,0
1.2108333333333334,3.7634385058786775,3.7634385058786775,0
1.2116666666666667,3.7662494703942393,3.7662494703942393,0
1.2125000000000001,3.7370600312731157,3.7370600312731157,0
1.2133333333333334,3.735970189027698,3.735970189027698,0
1.2141666666666668,3.7258799441694035,3.7258799441694035,0
1.215,3.7164892972086756,3.7164892972086756,0
1.2158333333333333,3.6899982486549887,3.6899982486549887,0
1.2166666666666668,3.681306799016851,3.681306799016851,0
1.2175,3.672214948801801,3.672214948801801,0
1.2183333333333335,3.66352269851642,3.66352269851642,0
1.2191666666666667,3.646830048666324,3.646830048666324,0
1.22,3.6341369997561745,3.6341369997561745,0
1.2208333333333334,3.6211435522896758,3.6211435522896758,0
1.2216666666666667,3.617349706769579,3.617349706769579,0
1.2225000000000001,3.606255463697686,3.606255463697686,0
1.2233333333333334,3.5907608235748487,3.5907608235748487,0
1.2241666666666668,3.573565786900976,3.573565786900976,0
1.225,3.5691703541750277,3.5691703541750277,0
1.2258333333333333,3.5578745258950284,3.5578745258950284,0
1.2266666666666668,3.5546783025580617,3.5546783025580617,0
1.2275,3.5320816846602727,3.5320816846602727,0
1.2283333333333335,3.5295846726968763,3.5295846726968763,0
1.2291666666666667,3.5078872671621517,3.5078872671621517,0
1.23,3.5088894685494516,3.5088894685494516,0
