tsid,time,0,lof,isof,ee
0,15936,-1.173104,0.0,0.0,0.0
0,15937,-1.4537135,0.0,0.0,0.0
0,15938,-1.4225347,0.0,0.0,0.0
0,15939,-1.3913559,0.0,0.0,0.0
0,15940,-1.4225347,0.0,0.0,0.0
0,15941,-1.4537135,0.0,0.0,0.0
0,15942,-1.3289982,0.0,0.0,0.0
0,15943,-0.58070594,0.0,0.0,0.0
0,15944,0.51055355,0.0,0.0,0.0
0,15945,1.2588458,0.0,0.0,0.0
0,15946,1.5082765,0.0,0.0,0.0
0,15947,1.1653092,0.0,0.0,0.0
0,15948,0.94705734,0.0,0.0,0.0
0,15949,0.60409008,0.0,0.0,0.0
0,15950,0.51055355,0.0,0.0,0.0
0,15951,0.63526892,0.0,0.0,0.0
0,15952,0.75998429,0.0,0.0,0.0
0,15953,0.41701702,0.0,0.0,0.0
0,15954,0.16758628,0.0,0.0,0.0
0,15955,0.011692072,0.0,0.0,0.0
0,15956,0.54173239,0.0,0.0,0.0
0,15957,0.85352082,0.0,0.0,0.0
0,15958,0.32348049,0.0,0.0,0.0
0,15959,0.011692072,0.0,0.0,0.0
0,15960,-1.1834923,0.0,0.0,0.0
0,15961,-1.3923439,0.0,0.0,0.0
0,15962,-1.4758845,0.0,0.0,0.0
0,15963,-1.6011955,0.0,0.0,0.0
0,15964,-1.6220807,0.0,0.0,0.0
0,15965,-1.6011955,0.0,0.0,0.0
0,15966,-0.93287042,0.0,0.0,0.0
0,15967,0.02784688,0.0,0.0,0.0
0,15968,0.570861,0.0,0.0,0.0
0,15969,0.98856417,0.0,0.0,0.0
0,15970,0.96767902,0.0,0.0,0.0
0,15971,0.86325322,0.0,0.0,0.0
0,15972,0.69617195,0.0,0.0,0.0
0,15973,0.34112426,0.0,0.0,0.0
0,15974,0.27846878,0.0,0.0,0.0
0,15975,0.40377973,0.0,0.0,0.0
0,15976,0.54997584,0.0,0.0,0.0
0,15977,0.61263132,0.0,0.0,0.0
0,15978,1.2809564,0.0,0.0,0.0
0,15979,1.2600712,0.0,0.0,0.0
0,15980,0.84236806,0.0,0.0,0.0
0,15981,0.50820553,0.0,0.0,0.0
0,15982,0.0069617222,0.0,0.0,0.0
0,15983,-0.38985629,0.0,0.0,0.0
0,15984,-0.63849391,1.0,1.0,0.0
0,15985,-1.0736541,1.0,1.0,0.0
0,15986,-1.322317,1.0,1.0,0.0
0,15987,-1.4155656,1.0,1.0,0.0
0,15988,-1.4155656,1.0,1.0,0.0
0,15989,-1.4155656,1.0,1.0,0.0
0,15990,-1.5088142,1.0,1.0,0.0
0,15991,-0.88715686,1.0,1.0,0.0
0,15992,0.13857778,1.0,1.0,0.0
0,15993,1.1021467,1.0,1.0,0.0
0,15994,1.2264782,1.0,1.0,0.0
0,15995,1.3197268,1.0,1.0,0.0
0,15996,1.1021467,1.0,1.0,0.0
0,15997,0.76023514,1.0,1.0,0.0
0,15998,0.88456661,1.0,1.0,0.0
0,15999,1.0088981,1.0,1.0,0.0
0,16000,1.0710638,1.0,1.0,0.0
0,16001,0.88456661,1.0,1.0,0.0
0,16002,0.6048208,1.0,1.0,0.0
0,16003,0.26290925,1.0,1.0,0.0
0,16004,-0.20333376,1.0,1.0,0.0
0,16005,-0.17225089,1.0,1.0,0.0
0,16006,0.014246307,1.0,1.0,0.0
0,16007,-0.32766523,1.0,1.0,0.0
0,16008,-0.073624278,0.0,0.0,0.0
0,16009,-0.62580632,0.0,0.0,0.0
0,16010,-0.73624273,0.0,0.0,0.0
0,16011,-1.2332065,0.0,0.0,0.0
0,16012,-1.5645157,0.0,0.0,0.0
0,16013,-1.5645157,0.0,0.0,0.0
0,16014,-0.84667913,0.0,0.0,0.0
0,16015,-0.73624273,0.0,0.0,0.0
0,16016,-0.18406069,0.0,0.0,0.0
0,16017,-0.23927889,0.0,0.0,0.0
0,16018,0.64421237,0.0,0.0,0.0
0,16019,1.1963944,0.0,0.0,0.0
0,16020,0.47855776,0.0,0.0,0.0
0,16021,0.42333956,0.0,0.0,0.0
0,16022,-0.90189733,0.0,0.0,0.0
0,16023,-0.90189733,0.0,0.0,0.0
0,16024,-0.79146093,0.0,0.0,0.0
0,16025,0.9203034,0.0,0.0,0.0
0,16026,1.4172672,0.0,0.0,0.0
0,16027,1.4172672,0.0,0.0,0.0
0,16028,1.7485764,0.0,0.0,0.0
0,16029,0.9203034,0.0,0.0,0.0
0,16030,0.9755216,0.0,0.0,0.0
0,16031,0.25768495,0.0,0.0,0.0
0,16032,-0.41057879,0.0,0.0,0.0
0,16033,-1.0114258,0.0,0.0,0.0
0,16034,-1.2117081,0.0,0.0,0.0
0,16035,-1.371934,0.0,0.0,0.0
0,16036,-1.6923857,0.0,0.0,0.0
0,16037,-1.4119905,0.0,0.0,0.0
0,16038,-1.1716517,0.0,0.0,0.0
0,16039,0.47066349,0.0,0.0,0.0
0,16040,0.71100229,0.0,0.0,0.0
0,16041,1.3118493,0.0,0.0,0.0
0,16042,1.4320187,0.0,0.0,0.0
0,16043,0.91128463,0.0,0.0,0.0
0,16044,0.59083289,0.0,0.0,0.0
0,16045,0.15021175,0.0,0.0,0.0
0,16046,-0.29040939,0.0,0.0,0.0
0,16047,-0.41057879,0.0,0.0,0.0
0,16048,-0.33046585,0.0,0.0,0.0
0,16049,-0.21029645,0.0,0.0,0.0
0,16050,-0.13018352,0.0,0.0,0.0
0,16051,1.5922446,0.0,0.0,0.0
0,16052,1.6723575,0.0,0.0,0.0
0,16053,0.83117169,0.0,0.0,0.0
0,16054,0.19026822,0.0,0.0,0.0
0,16055,-0.21029645,0.0,0.0,0.0
0,16056,-0.82682528,1.0,0.0,0.0
0,16057,-1.2016788,1.0,0.0,0.0
0,16058,-1.6233889,1.0,0.0,0.0
0,16059,-1.763959,1.0,0.0,0.0
0,16060,-1.6702456,1.0,0.0,0.0
0,16061,-1.4828189,1.0,0.0,0.0
0,16062,-1.1079654,1.0,0.0,0.0
0,16063,-0.10054664,1.0,0.0,0.0
0,16064,0.60230365,1.0,0.0,0.0
0,16065,1.2114406,1.0,0.0,0.0
0,16066,1.1411555,1.0,0.0,0.0
0,16067,1.0474422,1.0,0.0,0.0
0,16068,0.90687211,1.0,0.0,0.0
0,16069,0.36802022,1.0,0.0,0.0
0,16070,0.43830525,1.0,0.0,0.0
0,16071,0.4617336,1.0,0.0,0.0
0,16072,0.50859028,1.0,0.0,0.0
0,16073,0.32116354,1.0,0.0,0.0
0,16074,0.4617336,1.0,0.0,0.0
0,16075,1.3285823,1.0,0.0,0.0
0,16076,0.7897304,1.0,0.0,0.0
0,16077,0.50859028,1.0,0.0,0.0
0,16078,-0.030261612,1.0,0.0,0.0
0,16079,-0.28797338,1.0,0.0,0.0
0,16080,-0.53492435,0.0,0.0,0.0
0,16081,-0.88826888,0.0,0.0,0.0
0,16082,-1.3201344,0.0,0.0,0.0
0,16083,-1.3593949,0.0,0.0,0.0
0,16084,-1.5556974,0.0,0.0,0.0
0,16085,-1.3986554,0.0,0.0,0.0
0,16086,-0.96678989,0.0,0.0,0.0
0,16087,-0.024537821,0.0,0.0,0.0
0,16088,0.52510923,0.0,0.0,0.0
0,16089,1.4281008,0.0,0.0,0.0
0,16090,1.5851428,0.0,0.0,0.0
0,16091,1.1532773,0.0,0.0,0.0
0,16092,0.91771425,0.0,0.0,0.0
0,16093,0.28954621,0.0,0.0,0.0
0,16094,-0.14231932,0.0,0.0,0.0
0,16095,-0.37788234,0.0,0.0,0.0
0,16096,-0.41714284,0.0,0.0,0.0
0,16097,-0.33862184,0.0,0.0,0.0
0,16098,-0.26010083,0.0,0.0,0.0
0,16099,1.6636638,0.0,0.0,0.0
0,16100,1.4281008,0.0,0.0,0.0
0,16101,0.64289073,0.0,0.0,0.0
0,16102,0.28954621,0.0,0.0,0.0
0,16103,-0.33862184,0.0,0.0,0.0
0,16104,-1.0942168,0.0,0.0,0.0
0,16105,-1.3465079,0.0,0.0,0.0
0,16106,-1.5529278,0.0,0.0,0.0
0,16107,-1.5758634,0.0,0.0,0.0
0,16108,-1.64467,0.0,0.0,0.0
0,16109,-1.4611856,0.0,0.0,0.0
0,16110,-1.0483457,0.0,0.0,0.0
0,16111,-0.47495702,0.0,0.0,0.0
0,16112,0.48833607,0.0,0.0,0.0
0,16113,1.1075959,0.0,0.0,0.0
0,16114,1.1993381,0.0,0.0,0.0
0,16115,1.0846604,0.0,0.0,0.0
0,16116,0.92411151,0.0,0.0,0.0
0,16117,0.46540052,0.0,0.0,0.0
0,16118,0.41952943,0.0,0.0,0.0
0,16119,0.58007827,0.0,0.0,0.0
0,16120,0.60301382,0.0,0.0,0.0
0,16121,0.44246497,0.0,0.0,0.0
0,16122,0.48833607,0.0,0.0,0.0
0,16123,1.1993381,0.0,0.0,0.0
0,16124,0.87824041,0.0,0.0,0.0
0,16125,0.46540052,0.0,0.0,0.0
0,16126,0.052560627,0.0,0.0,0.0
0,16127,-0.19973042,0.0,0.0,0.0
0,16128,-0.89592832,0.0,0.0,0.0
0,16129,-1.147417,0.0,0.0,0.0
0,16130,-1.5246499,0.0,0.0,0.0
0,16131,-1.6503943,0.0,0.0,0.0
0,16132,-1.7132664,0.0,0.0,0.0
0,16133,-1.3989056,0.0,0.0,0.0
0,16134,-1.147417,0.0,0.0,0.0
0,16135,-0.77018399,0.0,0.0,0.0
0,16136,0.047154129,0.0,0.0,0.0
0,16137,0.67587576,0.0,0.0,0.0
0,16138,0.99023657,0.0,0.0,0.0
0,16139,1.178853,0.0,0.0,0.0
0,16140,1.0531087,0.0,0.0,0.0
0,16141,0.80162008,0.0,0.0,0.0
0,16142,0.61300359,0.0,0.0,0.0
0,16143,0.67587576,0.0,0.0,0.0
0,16144,0.55013143,0.0,0.0,0.0
0,16145,0.55013143,0.0,0.0,0.0
0,16146,0.29864278,0.0,0.0,0.0
0,16147,0.17289846,0.0,0.0,0.0
0,16148,-0.14146237,0.0,0.0,0.0
0,16149,1.178853,0.0,0.0,0.0
0,16150,1.1159809,0.0,0.0,0.0
0,16151,0.48725927,0.0,0.0,0.0
0,16152,-0.70296509,0.0,0.0,0.0
0,16153,-0.93133954,0.0,0.0,0.0
0,16154,-1.2739012,0.0,0.0,0.0
0,16155,-1.5593693,0.0,0.0,0.0
0,16156,-1.6735565,0.0,0.0,0.0
0,16157,-1.8162905,0.0,0.0,0.0
0,16158,-1.2168076,0.0,0.0,0.0
0,16159,-0.70296509,0.0,0.0,0.0
0,16160,0.32471992,0.0,0.0,0.0
0,16161,1.3809517,0.0,0.0,0.0
0,16162,1.1811241,0.0,0.0,0.0
0,16163,1.3238581,0.0,0.0,0.0
0,16164,1.0383901,0.0,0.0,0.0
0,16165,0.7243752,0.0,0.0,0.0
0,16166,0.69582839,0.0,0.0,0.0
0,16167,0.7243752,0.0,0.0,0.0
0,16168,0.83856242,0.0,0.0,0.0
0,16169,0.66728159,0.0,0.0,0.0
0,16170,0.35326672,0.0,0.0,0.0
0,16171,0.12489228,0.0,0.0,0.0
0,16172,0.32471992,0.0,0.0,0.0
0,16173,0.41036033,0.0,0.0,0.0
0,16174,0.15343908,0.0,0.0,0.0
0,16175,-0.38895023,0.0,0.0,0.0
0,16176,-1.0443849,0.0,0.0,0.0
0,16177,-1.3250464,0.0,0.0,0.0
0,16178,-1.5193506,0.0,0.0,0.0
0,16179,-1.5841186,0.0,0.0,0.0
0,16180,-1.6272973,0.0,0.0,0.0
0,16181,-1.5409399,0.0,0.0,0.0
0,16182,-1.1523316,0.0,0.0,0.0
0,16183,-0.18081084,0.0,0.0,0.0
0,16184,0.48845906,0.0,0.0,0.0
0,16185,1.0497822,0.0,0.0,0.0
0,16186,1.157729,0.0,0.0,0.0
0,16187,1.1145503,0.0,0.0,0.0
0,16188,0.94183545,0.0,0.0,0.0
0,16189,0.57481647,0.0,0.0,0.0
0,16190,0.63958452,0.0,0.0,0.0
0,16191,0.66117387,0.0,0.0,0.0
0,16192,0.48845906,0.0,0.0,0.0
0,16193,0.40210166,0.0,0.0,0.0
0,16194,0.46686971,0.0,0.0,0.0
0,16195,1.0929609,0.0,0.0,0.0
0,16196,0.83388868,0.0,0.0,0.0
0,16197,0.46686971,0.0,0.0,0.0
0,16198,0.078261385,0.0,0.0,0.0
0,16199,-0.48306175,0.0,0.0,0.0
0,16200,-0.80765223,0.0,0.0,0.0
0,16201,-1.2168058,0.0,0.0,0.0
0,16202,-1.4469547,0.0,0.0,0.0
0,16203,-1.523671,0.0,0.0,0.0
0,16204,-1.5492431,0.0,0.0,0.0
0,16205,-1.523671,0.0,0.0,0.0
0,16206,-1.4725268,0.0,0.0,0.0
0,16207,-0.5519312,0.0,0.0,0.0
0,16208,0.72667388,0.0,0.0,0.0
0,16209,1.1102554,0.0,0.0,0.0
0,16210,1.3148322,0.0,0.0,0.0
0,16211,1.1613996,0.0,0.0,0.0
0,16212,0.72667388,0.0,0.0,0.0
0,16213,0.72667388,0.0,0.0,0.0
0,16214,0.88010648,0.0,0.0,0.0
0,16215,0.93125069,0.0,0.0,0.0
0,16216,0.95682279,0.0,0.0,0.0
0,16217,0.62438547,0.0,0.0,0.0
0,16218,0.41980866,0.0,0.0,0.0
0,16219,0.24080395,0.0,0.0,0.0
0,16220,-0.040489173,0.0,0.0,0.0
0,16221,0.061799234,0.0,0.0,0.0
0,16222,0.39423656,0.0,0.0,0.0
0,16223,-0.14277759,0.0,0.0,0.0
0,16224,-0.71559963,0.0,0.0,0.0
0,16225,-1.1904676,0.0,0.0,0.0
0,16226,-1.3751385,0.0,0.0,0.0
0,16227,-1.5334278,0.0,0.0,0.0
0,16228,-1.5861909,0.0,0.0,0.0
0,16229,-1.40152,0.0,0.0,0.0
0,16230,-1.6125724,0.0,0.0,0.0
0,16231,-0.63645497,0.0,0.0,0.0
0,16232,0.3396625,0.0,0.0,0.0
0,16233,0.99920133,0.0,0.0,0.0
0,16234,1.1311091,0.0,0.0,0.0
0,16235,1.2366353,0.0,0.0,0.0
0,16236,1.0519644,0.0,0.0,0.0
0,16237,0.76176735,0.0,0.0,0.0
0,16238,0.81453046,0.0,0.0,0.0
0,16239,0.94643822,0.0,0.0,0.0
0,16240,0.97281978,0.0,0.0,0.0
0,16241,0.7881489,0.0,0.0,0.0
0,16242,0.57709648,0.0,0.0,0.0
0,16243,0.26051784,0.0,0.0,0.0
0,16244,-0.029679244,0.0,0.0,0.0
0,16245,-0.056060799,0.0,0.0,0.0
0,16246,0.41880716,0.0,0.0,0.0
0,16247,-0.16158701,0.0,0.0,0.0
0,16248,-0.87502834,0.0,0.0,0.0
0,16249,-1.2123887,0.0,0.0,0.0
0,16250,-1.3810688,0.0,0.0,0.0
0,16251,-1.4935223,0.0,0.0,0.0
0,16252,-1.5216356,0.0,0.0,0.0
0,16253,-1.2967287,0.0,0.0,0.0
0,16254,-1.5778624,0.0,0.0,0.0
0,16255,-0.84691498,0.0,0.0,0.0
0,16256,0.50252632,0.0,0.0,0.0
0,16257,1.177247,0.0,0.0,0.0
0,16258,1.177247,0.0,0.0,0.0
0,16259,1.2897004,0.0,0.0,0.0
0,16260,1.0647935,0.0,0.0,0.0
0,16261,0.7274332,0.0,0.0,0.0
0,16262,0.7274332,0.0,0.0,0.0
0,16263,0.95234008,0.0,0.0,0.0
0,16264,0.98045344,0.0,0.0,0.0
0,16265,0.5868664,0.0,0.0,0.0
0,16266,0.33384615,0.0,0.0,0.0
0,16267,0.19327935,0.0,0.0,0.0
0,16268,0.16516599,0.0,0.0,0.0
0,16269,0.24950607,0.0,0.0,0.0
0,16270,0.24950607,0.0,0.0,0.0
0,16271,-0.17219433,0.0,0.0,0.0
0,16272,1.8225767,0.0,1.0,1.0
0,16273,0.73175771,0.0,1.0,1.0
0,16274,-0.031815555,0.0,1.0,1.0
0,16275,-0.57722502,0.0,1.0,1.0
0,16276,-0.46814313,0.0,1.0,1.0
0,16277,-0.46814313,0.0,1.0,1.0
0,16278,0.07726634,0.0,1.0,1.0
0,16279,-0.79538881,0.0,1.0,1.0
0,16280,-1.3407983,0.0,1.0,1.0
0,16281,-0.031815555,0.0,1.0,1.0
0,16282,-0.14089745,0.0,1.0,1.0
0,16283,-0.031815555,0.0,1.0,1.0
0,16284,-0.14089745,0.0,1.0,1.0
0,16285,-0.35906124,0.0,1.0,1.0
0,16286,-0.79538881,0.0,1.0,1.0
0,16287,-0.57722502,0.0,1.0,1.0
0,16288,-0.79538881,0.0,1.0,1.0
0,16289,-0.79538881,0.0,1.0,1.0
0,16290,-0.79538881,0.0,1.0,1.0
0,16291,-0.46814313,0.0,1.0,1.0
0,16292,-0.14089745,0.0,1.0,1.0
0,16293,2.1498223,0.0,1.0,1.0
0,16294,2.2589042,0.0,1.0,1.0
0,16295,1.7134948,0.0,1.0,1.0
0,16296,-0.58905468,0.0,1.0,0.0
0,16297,-0.66346158,0.0,1.0,0.0
0,16298,-1.1843099,0.0,1.0,0.0
0,16299,-1.4075306,0.0,1.0,0.0
0,16300,-1.5563445,0.0,1.0,0.0
0,16301,-1.519141,0.0,1.0,0.0
0,16302,-1.2215134,0.0,1.0,0.0
0,16303,-0.51464777,0.0,1.0,0.0
0,16304,0.41543856,0.0,1.0,0.0
0,16305,1.3083214,0.0,1.0,0.0
0,16306,1.4571352,0.0,1.0,0.0
0,16307,1.1967111,0.0,1.0,0.0
0,16308,0.82467655,0.0,1.0,0.0
0,16309,0.22942129,0.0,1.0,0.0
0,16310,-0.3286305,0.0,1.0,0.0
0,16311,-0.14261324,0.0,1.0,0.0
0,16312,-0.10540978,0.0,1.0,0.0
0,16313,0.04340403,0.0,1.0,0.0
0,16314,0.37823511,0.0,1.0,0.0
0,16315,1.8291698,0.0,1.0,0.0
0,16316,1.271118,0.0,1.0,0.0
0,16317,0.75026964,0.0,1.0,0.0
0,16318,0.11781094,0.0,1.0,0.0
0,16319,-0.58905468,0.0,1.0,0.0
0,16320,0.28280384,0.0,0.0,1.0
0,16321,-0.28712145,0.0,0.0,1.0
0,16322,-0.59798979,0.0,0.0,1.0
0,16323,-1.1161037,0.0,0.0,1.0
0,16324,-1.2197265,0.0,0.0,1.0
0,16325,-0.96066953,0.0,0.0,1.0
0,16326,-0.85704675,0.0,0.0,1.0
0,16327,-0.49436701,0.0,0.0,1.0
0,16328,-0.28712145,0.0,0.0,1.0
0,16329,-0.90885814,0.0,0.0,1.0
0,16330,-0.33893284,0.0,0.0,1.0
0,16331,-0.23531006,0.0,0.0,1.0
0,16332,0.23099245,0.0,0.0,1.0
0,16333,0.075558273,0.0,0.0,1.0
0,16334,-0.85704675,0.0,0.0,1.0
0,16335,-0.80523536,0.0,0.0,1.0
0,16336,-0.49436701,0.0,0.0,1.0
0,16337,-0.079875895,0.0,0.0,1.0
0,16338,1.7853342,0.0,0.0,1.0
0,16339,1.9407683,0.0,0.0,1.0
0,16340,1.8889569,0.0,0.0,1.0
0,16341,1.7335228,0.0,0.0,1.0
0,16342,1.1635975,0.0,0.0,1.0
0,16343,0.43823801,0.0,0.0,1.0
0,16344,-1.0267233,0.0,0.0,0.0
0,16345,-1.284523,0.0,0.0,0.0
0,16346,-1.4778728,0.0,0.0,0.0
0,16347,-1.5208394,0.0,0.0,0.0
0,16348,-1.6067727,0.0,0.0,0.0
0,16349,-1.5208394,0.0,0.0,0.0
0,16350,-1.284523,0.0,0.0,0.0
0,16351,-0.10294087,0.0,0.0,0.0
0,16352,0.73490828,0.0,0.0,0.0
0,16353,1.1860578,0.0,0.0,0.0
0,16354,1.3149577,0.0,0.0,0.0
0,16355,1.1430912,0.0,0.0,0.0
0,16356,0.9497414,0.0,0.0,0.0
0,16357,0.73490828,0.0,0.0,0.0
0,16358,0.62749172,0.0,0.0,0.0
0,16359,0.5845251,0.0,0.0,0.0
0,16360,0.52007517,0.0,0.0,0.0
0,16361,0.3911753,0.0,0.0,0.0
0,16362,0.30524205,0.0,0.0,0.0
0,16363,0.97122471,0.0,0.0,0.0
0,16364,0.60600841,0.0,0.0,0.0
0,16365,0.26227543,0.0,0.0,0.0
0,16366,-0.081457554,0.0,0.0,0.0
0,16367,-0.42519054,0.0,0.0,0.0
0,16368,-0.59779462,0.0,0.0,0.0
0,16369,-1.0988871,0.0,0.0,0.0
0,16370,-1.3889933,0.0,0.0,0.0
0,16371,-1.3889933,0.0,0.0,0.0
0,16372,-1.4417399,0.0,0.0,0.0
0,16373,-1.2307536,0.0,0.0,0.0
0,16374,-1.4417399,0.0,0.0,0.0
0,16375,-0.59779462,0.0,0.0,0.0
0,16376,0.40439047,0.0,0.0,0.0
0,16377,1.353829,0.0,0.0,0.0
0,16378,1.4329488,0.0,0.0,0.0
0,16379,1.4593221,0.0,0.0,0.0
0,16380,1.2483358,0.0,0.0,0.0
0,16381,0.85273642,0.0,0.0,0.0
0,16382,0.905483,0.0,0.0,0.0
0,16383,0.74724325,0.0,0.0,0.0
0,16384,0.85273642,0.0,0.0,0.0
0,16385,0.66812338,0.0,0.0,0.0
0,16386,0.37801718,0.0,0.0,0.0
0,16387,-0.043955499,0.0,0.0,0.0
0,16388,-0.38680829,0.0,0.0,0.0
0,16389,-0.41318158,0.0,0.0,0.0
0,16390,-0.017582207,0.0,0.0,0.0
0,16391,-0.25494184,0.0,0.0,0.0
0,16392,-1.0567083,1.0,0.0,0.0
0,16393,-1.3842111,1.0,0.0,0.0
0,16394,-1.5684314,1.0,0.0,0.0
0,16395,-1.5889004,1.0,0.0,0.0
0,16396,-1.6503071,1.0,0.0,0.0
0,16397,-1.4660868,1.0,0.0,0.0
0,16398,-1.0976461,1.0,0.0,0.0
0,16399,-0.17654449,1.0,0.0,0.0
0,16400,0.51939899,1.0,0.0,0.0
0,16401,1.1334668,1.0,0.0,0.0
0,16402,1.0925289,1.0,0.0,0.0
0,16403,1.1539357,1.0,0.0,0.0
0,16404,0.90830858,1.0,0.0,0.0
0,16405,0.51939899,1.0,0.0,0.0
0,16406,0.56033684,1.0,0.0,0.0
0,16407,0.72408825,1.0,0.0,0.0
0,16408,0.66268147,1.0,0.0,0.0
0,16409,0.51939899,1.0,0.0,0.0
0,16410,0.47846114,1.0,0.0,0.0
0,16411,0.92877751,1.0,0.0,0.0
0,16412,0.78549503,1.0,0.0,0.0
0,16413,0.47846114,1.0,0.0,0.0
0,16414,-0.012793088,1.0,0.0,0.0
0,16415,-0.46310947,1.0,0.0,0.0
0,16416,-0.97649311,0.0,0.0,0.0
0,16417,-1.4036122,0.0,0.0,0.0
0,16418,-1.4593233,0.0,0.0,0.0
0,16419,-1.6264569,0.0,0.0,0.0
0,16420,-1.5521753,0.0,0.0,0.0
0,16421,-1.3850418,0.0,0.0,0.0
0,16422,-1.1250563,0.0,0.0,0.0
0,16423,-0.2708182,0.0,0.0,0.0
0,16424,0.49056787,0.0,0.0,0.0
0,16425,1.1033908,0.0,0.0,0.0
0,16426,1.2705243,0.0,0.0,0.0
0,16427,1.2519539,0.0,0.0,0.0
0,16428,0.95482768,0.0,0.0,0.0
0,16429,0.47199749,0.0,0.0,0.0
0,16430,0.4534271,0.0,0.0,0.0
0,16431,0.60199023,0.0,0.0,0.0
0,16432,0.6577014,0.0,0.0,0.0
0,16433,0.58341983,0.0,0.0,0.0
0,16434,1.0105388,0.0,0.0,0.0
0,16435,0.95482768,0.0,0.0,0.0
0,16436,0.49056787,0.0,0.0,0.0
0,16437,0.212012,0.0,0.0,0.0
0,16438,-0.19653663,0.0,0.0,0.0
0,16439,-0.5122333,0.0,0.0,0.0
0,16440,-1.0193352,0.0,0.0,0.0
0,16441,-1.3401751,0.0,0.0,0.0
0,16442,-1.5206476,0.0,0.0,0.0
0,16443,-1.5407001,0.0,0.0,0.0
0,16444,-1.6008576,0.0,0.0,0.0
0,16445,-1.4805426,0.0,0.0,0.0
0,16446,-1.1195977,0.0,0.0,0.0
0,16447,-0.47791782,0.0,0.0,0.0
0,16448,0.56481197,0.0,0.0,0.0
0,16449,1.0059669,0.0,0.0,0.0
0,16450,1.1463343,0.0,0.0,0.0
0,16451,1.0661244,0.0,0.0,0.0
0,16452,0.90570439,0.0,0.0,0.0
0,16453,0.54475947,0.0,0.0,0.0
0,16454,0.58486446,0.0,0.0,0.0
0,16455,0.76533692,0.0,0.0,0.0
0,16456,0.82549441,0.0,0.0,0.0
0,16457,0.62496945,0.0,0.0,0.0
0,16458,0.66507444,0.0,0.0,0.0
0,16459,1.0861769,0.0,0.0,0.0
0,16460,0.68512694,0.0,0.0,0.0
0,16461,0.20386704,0.0,0.0,0.0
0,16462,-0.13702539,0.0,0.0,0.0
0,16463,-0.43781283,0.0,0.0,0.0
0,16464,-0.77293033,0.0,0.0,0.0
0,16465,-1.1715763,0.0,0.0,0.0
0,16466,-1.3576111,0.0,0.0,0.0
0,16467,-1.4639167,0.0,0.0,0.0
0,16468,-1.5436459,0.0,0.0,0.0
0,16469,-1.3841875,0.0,0.0,0.0
0,16470,-1.7031043,0.0,0.0,0.0
0,16471,-0.66662473,0.0,0.0,0.0
0,16472,0.47616051,0.0,0.0,0.0
0,16473,1.1139941,0.0,0.0,0.0
0,16474,1.1937233,0.0,0.0,0.0
0,16475,1.1671469,0.0,0.0,0.0
0,16476,1.0342649,0.0,0.0,0.0
0,16477,0.63561891,0.0,0.0,0.0
0,16478,0.76850092,0.0,0.0,0.0
0,16479,1.0342649,0.0,0.0,0.0
0,16480,1.0342649,0.0,0.0,0.0
0,16481,0.71534812,0.0,0.0,0.0
0,16482,0.3432785,0.0,0.0,0.0
0,16483,0.47616051,0.0,0.0,0.0
0,16484,0.1040909,0.0,0.0,0.0
0,16485,-0.1085203,0.0,0.0,0.0
0,16486,0.2103965,0.0,0.0,0.0
0,16487,-0.1350967,0.0,0.0,0.0
0,16488,-0.91741201,0.0,0.0,0.0
0,16489,-1.1095881,0.0,0.0,0.0
0,16490,-1.3841254,0.0,0.0,0.0
0,16491,-1.4939403,0.0,0.0,0.0
0,16492,-1.4664866,0.0,0.0,0.0
0,16493,-1.4115791,0.0,0.0,0.0
0,16494,-1.5488477,0.0,0.0,0.0
0,16495,-0.80759711,0.0,0.0,0.0
0,16496,0.42782057,0.0,0.0,0.0
0,16497,1.1141637,0.0,0.0,0.0
0,16498,1.1965249,0.0,0.0,0.0
0,16499,1.2788861,0.0,0.0,0.0
0,16500,1.08671,0.0,0.0,0.0
0,16501,0.70235783,0.0,0.0,0.0
0,16502,0.89453392,0.0,0.0,0.0
0,16503,0.83962647,0.0,0.0,0.0
0,16504,0.94944137,0.0,0.0,0.0
0,16505,0.78471901,0.0,0.0,0.0
0,16506,0.51018175,0.0,0.0,0.0
0,16507,0.20819076,0.0,0.0,0.0
0,16508,-0.066346499,0.0,0.0,0.0
0,16509,-0.066346499,0.0,0.0,0.0
0,16510,0.29055194,0.0,0.0,0.0
0,16511,-0.011439048,0.0,0.0,0.0
0,16512,-0.42855784,0.0,1.0,0.0
0,16513,-0.93336218,0.0,1.0,0.0
0,16514,-1.2804152,0.0,1.0,0.0
0,16515,-1.6905687,0.0,1.0,0.0
0,16516,-1.5328174,0.0,1.0,0.0
0,16517,-1.5328174,0.0,1.0,0.0
0,16518,-1.0595633,0.0,1.0,0.0
0,16519,-0.27080649,0.0,1.0,0.0
0,16520,0.77035247,0.0,1.0,0.0
0,16521,1.3382573,0.0,1.0,0.0
0,16522,1.3698076,0.0,1.0,0.0
0,16523,1.3698076,0.0,1.0,0.0
0,16524,0.80190274,0.0,1.0,0.0
0,16525,0.13934704,0.0,1.0,0.0
0,16526,-0.20770594,0.0,1.0,0.0
0,16527,-0.27080649,0.0,1.0,0.0
0,16528,-0.11305513,0.0,1.0,0.0
0,16529,0.17089731,0.0,1.0,0.0
0,16530,1.180506,0.0,1.0,0.0
0,16531,1.3382573,0.0,1.0,0.0
0,16532,0.99120437,0.0,1.0,0.0
0,16533,0.39174921,0.0,1.0,0.0
0,16534,-0.018404309,0.0,1.0,0.0
0,16535,-0.52320866,0.0,1.0,0.0
0,16536,-1.0335555,0.0,0.0,0.0
0,16537,-1.2812278,0.0,0.0,0.0
0,16538,-1.4717449,0.0,0.0,0.0
0,16539,-1.6432104,0.0,0.0,0.0
0,16540,-1.6622621,0.0,0.0,0.0
0,16541,-1.3574346,0.0,0.0,0.0
0,16542,-1.0145038,0.0,0.0,0.0
0,16543,-0.27148693,0.0,0.0,0.0
0,16544,0.75730564,0.0,0.0,0.0
0,16545,1.0049779,0.0,0.0,0.0
0,16546,1.0430814,0.0,0.0,0.0
0,16547,0.89066763,0.0,0.0,0.0
0,16548,0.87161591,0.0,0.0,0.0
0,16549,0.50963336,0.0,0.0,0.0
0,16550,0.41437478,0.0,0.0,0.0
0,16551,0.58584021,0.0,0.0,0.0
0,16552,0.7001505,0.0,0.0,0.0
0,16553,1.0430814,0.0,0.0,0.0
0,16554,1.0811848,0.0,0.0,0.0
0,16555,1.0240296,0.0,0.0,0.0
0,16556,0.54773678,0.0,0.0,0.0
0,16557,0.24290936,0.0,0.0,0.0
0,16558,-0.29053864,0.0,0.0,0.0
0,16559,-0.69062462,0.0,0.0,0.0
0,16560,-0.98579752,0.0,0.0,0.0
0,16561,-1.0502638,0.0,0.0,0.0
0,16562,-1.4585505,0.0,0.0,0.0
0,16563,-1.6734383,0.0,0.0,0.0
0,16564,-1.6519495,0.0,0.0,0.0
0,16565,-1.5874832,0.0,0.0,0.0
0,16566,-1.1791965,0.0,0.0,0.0
0,16567,-0.1692241,0.0,0.0,0.0
0,16568,0.56139422,0.0,0.0,0.0
0,16569,1.2060574,0.0,0.0,0.0
0,16570,1.2705238,0.0,0.0,0.0
0,16571,1.1415911,0.0,0.0,0.0
0,16572,1.0126585,0.0,0.0,0.0
0,16573,0.4969279,0.0,0.0,0.0
0,16574,0.45395035,0.0,0.0,0.0
0,16575,0.4969279,0.0,0.0,0.0
0,16576,0.582883,0.0,0.0,0.0
0,16577,0.45395035,0.0,0.0,0.0
0,16578,0.51841668,0.0,0.0,0.0
0,16579,1.1415911,0.0,0.0,0.0
0,16580,0.69032688,0.0,0.0,0.0
0,16581,0.34650648,0.0,0.0,0.0
0,16582,-0.23369042,0.0,0.0,0.0
0,16583,-0.38411184,0.0,0.0,0.0
0,16584,0.97395041,1.0,0.0,1.0
0,16585,0.35062215,1.0,0.0,1.0
0,16586,-0.39737177,1.0,0.0,1.0
0,16587,-0.7090359,1.0,0.0,1.0
0,16588,-0.77136873,1.0,0.0,1.0
0,16589,-1.2700313,1.0,0.0,1.0
0,16590,-2.1426909,1.0,0.0,1.0
0,16591,-1.4570298,1.0,0.0,1.0
0,16592,-0.77136873,1.0,0.0,1.0
0,16593,0.038958012,1.0,0.0,1.0
0,16594,-0.023374815,1.0,0.0,1.0
0,16595,0.53762063,1.0,0.0,1.0
0,16596,0.53762063,1.0,0.0,1.0
0,16597,0.038958012,1.0,0.0,1.0
0,16598,-0.33503894,1.0,0.0,1.0
0,16599,-0.27270612,1.0,0.0,1.0
0,16600,-0.39737177,1.0,0.0,1.0
0,16601,-0.27270612,1.0,0.0,1.0
0,16602,-0.085707642,1.0,0.0,1.0
0,16603,0.10129084,1.0,0.0,1.0
0,16604,1.0362832,1.0,0.0,1.0
0,16605,1.3479474,1.0,0.0,1.0
0,16606,2.1582741,1.0,0.0,1.0
0,16607,1.7842772,1.0,0.0,1.0
0,16608,-0.79504357,0.0,0.0,0.0
0,16609,-1.2624466,0.0,0.0,0.0
0,16610,-1.5098953,0.0,0.0,0.0
0,16611,-1.6198725,0.0,0.0,0.0
0,16612,-1.6473668,0.0,0.0,0.0
0,16613,-1.4274124,0.0,0.0,0.0
0,16614,-1.0424922,0.0,0.0,0.0
0,16615,-0.71256066,0.0,0.0,0.0
0,16616,0.60716582,0.0,0.0,0.0
0,16617,1.2945233,0.0,0.0,0.0
0,16618,1.2395347,0.0,0.0,0.0
0,16619,1.1845461,0.0,0.0,0.0
0,16620,1.0195803,0.0,0.0,0.0
0,16621,0.60716582,0.0,0.0,0.0
0,16622,0.5796715,0.0,0.0,0.0
0,16623,0.66215442,0.0,0.0,0.0
0,16624,0.85461453,0.0,0.0,0.0
0,16625,0.79962593,0.0,0.0,0.0
0,16626,0.5246829,0.0,0.0,0.0
0,16627,0.4147057,0.0,0.0,0.0
0,16628,-0.025203122,0.0,0.0,0.0
0,16629,0.5796715,0.0,0.0,0.0
0,16630,0.11226839,0.0,0.0,0.0
0,16631,-0.43761765,0.0,0.0,0.0
0,16632,-0.96859644,0.0,0.0,0.0
0,16633,-1.2707769,0.0,0.0,0.0
0,16634,-1.4866201,0.0,0.0,0.0
0,16635,-1.5513731,0.0,0.0,0.0
0,16636,-1.5729574,0.0,0.0,0.0
0,16637,-1.4218672,0.0,0.0,0.0
0,16638,-1.1196867,0.0,0.0,0.0
0,16639,-0.51532569,0.0,0.0,0.0
0,16640,0.56389039,0.0,0.0,0.0
0,16641,1.2330044,0.0,0.0,0.0
0,16642,1.340926,0.0,0.0,0.0
0,16643,1.2330044,0.0,0.0,0.0
0,16644,1.0603298,0.0,0.0,0.0
0,16645,0.43438446,0.0,0.0,0.0
0,16646,0.45596878,0.0,0.0,0.0
0,16647,0.62864336,0.0,0.0,0.0
0,16648,0.54230607,0.0,0.0,0.0
0,16649,0.52072175,0.0,0.0,0.0
0,16650,0.3696315,0.0,0.0,0.0
0,16651,1.0171612,0.0,0.0,0.0
0,16652,0.77973361,0.0,0.0,0.0
0,16653,0.34804717,0.0,0.0,0.0
0,16654,-0.10522358,0.0,0.0,0.0
0,16655,-0.51532569,0.0,0.0,0.0
0,16656,-1.0304051,0.0,0.0,0.0
0,16657,-1.4422239,0.0,0.0,0.0
0,16658,-1.2363145,0.0,0.0,0.0
0,16659,-1.6275424,0.0,0.0,0.0
0,16660,-1.5657696,0.0,0.0,0.0
0,16661,-1.4628149,0.0,0.0,0.0
0,16662,-1.0921779,0.0,0.0,0.0
0,16663,-0.062630775,0.0,0.0,0.0
0,16664,0.41096089,0.0,0.0,0.0
0,16665,1.069871,0.0,0.0,0.0
0,16666,1.090462,0.0,0.0,0.0
0,16667,0.94632539,0.0,0.0,0.0
0,16668,0.74041597,0.0,0.0,0.0
0,16669,0.32859712,0.0,0.0,0.0
0,16670,0.34918806,0.0,0.0,0.0
0,16671,0.39036995,0.0,0.0,0.0
0,16672,0.53450654,0.0,0.0,0.0
0,16673,0.96691633,0.0,0.0,0.0
0,16674,1.4199171,0.0,0.0,0.0
0,16675,1.1522348,0.0,0.0,0.0
0,16676,0.6580522,0.0,0.0,0.0
0,16677,0.28741524,0.0,0.0,0.0
0,16678,-0.14499455,0.0,0.0,0.0
0,16679,-0.68035903,0.0,0.0,0.0
0,16680,0.54977287,0.0,0.0,0.0
0,16681,-0.20420135,0.0,0.0,0.0
0,16682,-0.68889907,0.0,0.0,0.0
0,16683,-0.95817558,0.0,0.0,0.0
0,16684,-1.1197415,0.0,0.0,0.0
0,16685,-1.1197415,0.0,0.0,0.0
0,16686,-1.8198604,0.0,0.0,0.0
0,16687,-1.7660051,0.0,0.0,0.0
0,16688,-1.0658862,0.0,0.0,0.0
0,16689,0.11893046,0.0,0.0,0.0
0,16690,0.87290469,0.0,0.0,0.0
0,16691,0.87290469,0.0,0.0,0.0
0,16692,0.98061529,0.0,0.0,0.0
0,16693,0.65748348,0.0,0.0,0.0
0,16694,0.28049636,0.0,0.0,0.0
0,16695,-0.15034605,0.0,0.0,0.0
0,16696,-0.20420135,0.0,0.0,0.0
0,16697,-0.47347786,0.0,0.0,0.0
0,16698,-0.25805666,0.0,0.0,0.0
0,16699,0.011219857,0.0,0.0,0.0
0,16700,0.92675999,0.0,0.0,0.0
0,16701,1.465313,0.0,0.0,0.0
0,16702,1.6807342,0.0,0.0,0.0
0,16703,1.4114577,0.0,0.0,0.0
0,16704,-0.89646406,1.0,0.0,0.0
0,16705,-1.2156008,1.0,0.0,0.0
0,16706,-1.5347376,1.0,0.0,0.0
0,16707,-1.6677113,1.0,0.0,0.0
0,16708,-1.6145218,1.0,0.0,0.0
0,16709,-1.5347376,1.0,0.0,0.0
0,16710,-1.1624114,1.0,0.0,0.0
0,16711,0.0077567951,1.0,0.0,0.0
0,16712,0.75240927,1.0,0.0,0.0
0,16713,1.2843039,1.0,0.0,0.0
0,16714,1.2577092,1.0,0.0,0.0
0,16715,1.1513302,1.0,0.0,0.0
0,16716,0.96516712,1.0,0.0,0.0
0,16717,0.4332725,1.0,0.0,0.0
0,16718,0.38008303,1.0,0.0,0.0
0,16719,0.59284088,1.0,0.0,0.0
0,16720,0.45986723,1.0,0.0,0.0
0,16721,0.22051465,1.0,0.0,0.0
0,16722,0.30029884,1.0,0.0,0.0
0,16723,0.80559873,1.0,0.0,0.0
0,16724,0.99176185,1.0,0.0,0.0
0,16725,0.56624615,1.0,0.0,0.0
0,16726,-0.072027399,1.0,0.0,0.0
0,16727,-0.47094837,1.0,0.0,0.0
0,16728,-0.76047074,0.0,0.0,0.0
0,16729,-1.1517696,0.0,0.0,0.0
0,16730,-1.3474191,0.0,0.0,0.0
0,16731,-1.4592187,0.0,0.0,0.0
0,16732,-1.5151186,0.0,0.0,0.0
0,16733,-1.3194691,0.0,0.0,0.0
0,16734,-1.4871687,0.0,0.0,0.0
0,16735,-0.5648213,0.0,0.0,0.0
0,16736,0.69292511,0.0,0.0,0.0
0,16737,1.2519235,0.0,0.0,0.0
0,16738,1.2798734,0.0,0.0,0.0
0,16739,1.3078233,0.0,0.0,0.0
0,16740,1.1121739,0.0,0.0,0.0
0,16741,0.80472479,0.0,0.0,0.0
0,16742,0.91652447,0.0,0.0,0.0
0,16743,0.88857455,0.0,0.0,0.0
0,16744,0.86062463,0.0,0.0,0.0
0,16745,0.66497519,0.0,0.0,0.0
0,16746,0.38547599,0.0,0.0,0.0
0,16747,0.21777646,0.0,0.0,0.0
0,16748,-0.0058228981,0.0,0.0,0.0
0,16749,-0.11762258,0.0,0.0,0.0
0,16750,-0.1455725,0.0,0.0,0.0
0,16751,-0.50892146,0.0,0.0,0.0
0,16752,-0.74679732,0.0,0.0,0.0
0,16753,-1.1036132,0.0,0.0,0.0
0,16754,-1.3506396,0.0,0.0,0.0
0,16755,-1.4878764,0.0,0.0,0.0
0,16756,-1.5427712,0.0,0.0,0.0
0,16757,-1.3506396,0.0,0.0,0.0
0,16758,-1.5976659,0.0,0.0,0.0
0,16759,-0.63700782,0.0,0.0,0.0
0,16760,0.37854504,0.0,0.0,0.0
0,16761,1.3117558,0.0,0.0,0.0
0,16762,1.3117558,0.0,0.0,0.0
0,16763,1.256861,0.0,0.0,0.0
0,16764,1.0098347,0.0,0.0,0.0
0,16765,0.76280829,0.0,0.0,0.0
0,16766,0.79025567,0.0,0.0,0.0
0,16767,0.98238729,0.0,0.0,0.0
0,16768,0.92749254,0.0,0.0,0.0
0,16769,0.68046617,0.0,0.0,0.0
0,16770,0.48833454,0.0,0.0,0.0
0,16771,0.18641342,0.0,0.0,0.0
0,16772,-0.14295508,0.0,0.0,0.0
0,16773,-0.1155077,0.0,0.0,0.0
0,16774,0.13151867,0.0,0.0,0.0
0,16775,-0.14295508,0.0,0.0,0.0
0,16776,-0.80745825,0.0,0.0,0.0
0,16777,-1.120942,0.0,0.0,0.0
0,16778,-1.3774288,0.0,0.0,0.0
0,16779,-1.4914229,0.0,0.0,0.0
0,16780,-1.4914229,0.0,0.0,0.0
0,16781,-1.2919332,0.0,0.0,0.0
0,16782,-1.2634347,0.0,0.0,0.0
0,16783,-0.60796856,0.0,0.0,0.0
0,16784,0.24698724,0.0,0.0,0.0
0,16785,1.2159371,0.0,0.0,0.0
0,16786,1.3014327,0.0,0.0,0.0
0,16787,1.5579194,0.0,0.0,0.0
0,16788,1.3299312,0.0,0.0,0.0
0,16789,0.93095188,0.0,0.0,0.0
0,16790,0.78845924,0.0,0.0,0.0
0,16791,0.75996072,0.0,0.0,0.0
0,16792,0.93095188,0.0,0.0,0.0
0,16793,0.64596661,0.0,0.0,0.0
0,16794,0.4179784,0.0,0.0,0.0
0,16795,0.07599608,0.0,0.0,0.0
0,16796,-0.1234936,0.0,0.0,0.0
0,16797,-0.23748772,0.0,0.0,0.0
0,16798,-0.15199213,0.0,0.0,0.0
0,16799,-0.23748772,0.0,0.0,0.0
0,16800,-0.97955497,0.0,0.0,0.0
0,16801,-1.2933114,0.0,0.0,0.0
0,16802,-1.5622454,0.0,0.0,0.0
0,16803,-1.6070678,0.0,0.0,0.0
0,16804,-1.6518901,0.0,0.0,0.0
0,16805,-1.4501896,0.0,0.0,0.0
0,16806,-1.1364332,0.0,0.0,0.0
0,16807,-0.28480864,0.0,0.0,0.0
0,16808,0.70128293,0.0,0.0,0.0
0,16809,1.2167399,0.0,0.0,0.0
0,16810,1.1719175,0.0,0.0,0.0
0,16811,1.0822728,0.0,0.0,0.0
0,16812,0.85816114,0.0,0.0,0.0
0,16813,0.52199356,0.0,0.0,0.0
0,16814,0.4099377,0.0,0.0,0.0
0,16815,0.45476004,0.0,0.0,0.0
0,16816,0.61163824,0.0,0.0,0.0
0,16817,0.4099377,0.0,0.0,0.0
0,16818,0.43234887,0.0,0.0,0.0
0,16819,1.0374505,0.0,0.0,0.0
0,16820,1.0150393,0.0,0.0,0.0
0,16821,0.47717121,0.0,0.0,0.0
0,16822,-0.015874578,0.0,0.0,0.0
0,16823,-0.41927568,0.0,0.0,0.0
0,16824,-0.39884783,0.0,0.0,0.0
0,16825,-1.2805114,0.0,0.0,0.0
0,16826,-1.4694394,0.0,0.0,0.0
0,16827,-1.5324153,0.0,0.0,0.0
0,16828,-1.5953913,0.0,0.0,0.0
0,16829,-1.4064634,0.0,0.0,0.0
0,16830,-0.96563158,0.0,0.0,0.0
0,16831,-1.0915835,0.0,0.0,0.0
0,16832,0.10495995,0.0,0.0,0.0
0,16833,1.2385275,0.0,0.0,0.0
0,16834,1.2385275,0.0,0.0,0.0
0,16835,1.3644794,0.0,0.0,0.0
0,16836,1.3015034,0.0,0.0,0.0
0,16837,0.86067162,0.0,0.0,0.0
0,16838,0.60876773,0.0,0.0,0.0
0,16839,0.60876773,0.0,0.0,0.0
0,16840,0.60876773,0.0,0.0,0.0
0,16841,0.67174371,0.0,0.0,0.0
0,16842,0.2309119,0.0,0.0,0.0
0,16843,-0.083967968,0.0,0.0,0.0
0,16844,-0.33587185,0.0,0.0,0.0
0,16845,0.79769565,0.0,0.0,0.0
0,16846,0.54579176,0.0,0.0,0.0
0,16847,-0.020991996,0.0,0.0,0.0
0,16848,0.037115773,0.0,0.0,1.0
0,16849,-0.64406769,0.0,0.0,1.0
0,16850,-0.90606133,0.0,0.0,1.0
0,16851,-1.168055,0.0,0.0,1.0
0,16852,-1.2204537,0.0,0.0,1.0
0,16853,-1.168055,0.0,0.0,1.0
0,16854,-0.59166896,0.0,0.0,1.0
0,16855,-0.64406769,0.0,0.0,1.0
0,16856,-0.95846006,0.0,0.0,1.0
0,16857,-0.2772766,0.0,0.0,1.0
0,16858,0.61350177,0.0,0.0,1.0
0,16859,0.50870431,0.0,0.0,1.0
0,16860,0.40390686,0.0,0.0,1.0
0,16861,-0.22487787,0.0,0.0,1.0
0,16862,-0.015282954,0.0,0.0,1.0
0,16863,-0.17247914,0.0,0.0,1.0
0,16864,-0.38207405,0.0,0.0,1.0
0,16865,-0.48687151,0.0,0.0,1.0
0,16866,-0.32967533,0.0,0.0,1.0
0,16867,0.35150813,0.0,0.0,1.0
0,16868,2.1854636,0.0,0.0,1.0
0,16869,2.290261,0.0,0.0,1.0
0,16870,1.8186725,0.0,0.0,1.0
0,16871,0.98029286,0.0,0.0,1.0
0,16872,-0.59936329,0.0,0.0,0.0
0,16873,-1.0260286,0.0,0.0,0.0
0,16874,-1.3307896,0.0,0.0,0.0
0,16875,-1.6050745,0.0,0.0,0.0
0,16876,-1.6050745,0.0,0.0,0.0
0,16877,-1.7879311,0.0,0.0,0.0
0,16878,-1.0565047,0.0,0.0,0.0
0,16879,-0.35555449,0.0,0.0,0.0
0,16880,0.89396558,0.0,0.0,0.0
0,16881,1.0768221,0.0,0.0,0.0
0,16882,1.1682504,0.0,0.0,0.0
0,16883,1.2292026,0.0,0.0,0.0
0,16884,0.83301338,0.0,0.0,0.0
0,16885,0.31491969,0.0,0.0,0.0
0,16886,0.010158699,0.0,0.0,0.0
0,16887,0.0406348,0.0,0.0,0.0
0,16888,0.1930153,0.0,0.0,0.0
0,16889,0.43682409,0.0,0.0,0.0
0,16890,1.2596787,0.0,0.0,0.0
0,16891,1.2292026,0.0,0.0,0.0
0,16892,0.86348948,0.0,0.0,0.0
0,16893,0.40634799,0.0,0.0,0.0
0,16894,0.010158699,0.0,0.0,0.0
0,16895,-0.59936329,0.0,0.0,0.0
0,16896,-1.0020976,0.0,0.0,0.0
0,16897,-1.339995,0.0,0.0,0.0
0,16898,-1.4990055,0.0,0.0,0.0
0,16899,-1.4990055,0.0,0.0,0.0
0,16900,-1.5785108,0.0,0.0,0.0
0,16901,-1.5188818,0.0,0.0,0.0
0,16902,-1.1213555,0.0,0.0,0.0
0,16903,-0.2467976,0.0,0.0,0.0
0,16904,0.40912084,0.0,0.0,0.0
0,16905,1.045163,0.0,0.0,0.0
0,16906,1.1246682,0.0,0.0,0.0
0,16907,1.0054103,0.0,0.0,0.0
0,16908,0.78677085,0.0,0.0,0.0
0,16909,0.46874979,0.0,0.0,0.0
0,16910,0.44887348,0.0,0.0,0.0
0,16911,0.58800769,0.0,0.0,0.0
0,16912,0.64763664,0.0,0.0,0.0
0,16913,0.92590507,0.0,0.0,0.0
0,16914,1.1644209,0.0,0.0,0.0
0,16915,1.045163,0.0,0.0,0.0
0,16916,0.70726559,0.0,0.0,0.0
0,16917,0.25011031,0.0,0.0,0.0
0,16918,-0.2467976,0.0,0.0,0.0
0,16919,-0.56481867,0.0,0.0,0.0
0,16920,-0.64768794,0.0,0.0,0.0
0,16921,-1.0505694,0.0,0.0,0.0
0,16922,-1.3191571,0.0,0.0,0.0
0,16923,-1.4198775,0.0,0.0,0.0
0,16924,-1.6548917,0.0,0.0,0.0
0,16925,-1.5877447,0.0,0.0,0.0
0,16926,-1.1177163,0.0,0.0,0.0
0,16927,-0.211233,0.0,0.0,0.0
0,16928,0.99741145,0.0,0.0,0.0
0,16929,1.2995726,0.0,0.0,0.0
0,16930,1.4674398,0.0,0.0,0.0
0,16931,1.0309849,0.0,0.0,0.0
0,16932,0.89669108,0.0,0.0,0.0
0,16933,0.42666268,0.0,0.0,0.0
0,16934,-0.17765954,0.0,0.0,0.0
0,16935,-0.14408609,0.0,0.0,0.0
0,16936,-0.11051263,0.0,0.0,0.0
0,16937,0.057354658,0.0,0.0,0.0
0,16938,0.39308923,0.0,0.0,0.0
0,16939,1.6017337,0.0,0.0,0.0
0,16940,1.0309849,0.0,0.0,0.0
0,16941,0.52738305,0.0,0.0,0.0
0,16942,0.090928115,0.0,0.0,0.0
0,16943,-0.37910029,0.0,0.0,0.0
0,16944,-0.29284315,0.0,0.0,0.0
0,16945,-1.0045632,0.0,0.0,0.0
0,16946,-1.2269757,0.0,0.0,0.0
0,16947,-1.5383533,0.0,0.0,0.0
0,16948,-1.4493883,0.0,0.0,0.0
0,16949,-1.3604233,0.0,0.0,0.0
0,16950,-1.1380107,0.0,0.0,0.0
0,16951,0.018534375,0.0,0.0,0.0
0,16952,0.2409469,0.0,0.0,0.0
0,16953,1.219562,0.0,0.0,0.0
0,16954,1.397492,0.0,0.0,0.0
0,16955,1.130597,0.0,0.0,0.0
0,16956,0.81921946,0.0,0.0,0.0
0,16957,0.018534375,0.0,0.0,0.0
0,16958,-0.20387815,0.0,0.0,0.0
0,16959,-0.070430634,0.0,0.0,0.0
0,16960,-0.33732566,0.0,0.0,0.0
0,16961,-0.42629067,0.0,0.0,0.0
0,16962,-0.42629067,0.0,0.0,0.0
0,16963,0.46335942,0.0,0.0,0.0
0,16964,1.8867996,0.0,0.0,0.0
0,16965,1.664387,0.0,0.0,0.0
0,16966,0.50784193,0.0,0.0,0.0
0,16967,0.10749939,0.0,0.0,0.0
0,16968,0.1563451,0.0,1.0,0.0
0,16969,-0.49881532,0.0,1.0,0.0
0,16970,-1.0348557,0.0,1.0,0.0
0,16971,-1.1539758,0.0,1.0,0.0
0,16972,-1.451776,0.0,1.0,0.0
0,16973,-1.451776,0.0,1.0,0.0
0,16974,-1.7495761,0.0,1.0,0.0
0,16975,-1.0944157,0.0,1.0,0.0
0,16976,0.1563451,0.0,1.0,0.0
0,16977,1.6453461,0.0,1.0,0.0
0,16978,1.8835862,0.0,1.0,0.0
0,16979,1.6453461,0.0,1.0,0.0
0,16980,1.4071059,0.0,1.0,0.0
0,16981,0.57326538,0.0,1.0,0.0
0,16982,0.037225032,0.0,1.0,0.0
0,16983,0.27546518,0.0,1.0,0.0
0,16984,0.4541453,0.0,1.0,0.0
0,16985,0.09678507,0.0,1.0,0.0
0,16986,0.09678507,0.0,1.0,0.0
0,16987,0.09678507,0.0,1.0,0.0
0,16988,-0.3201352,0.0,1.0,0.0
0,16989,-0.20101512,0.0,1.0,0.0
0,16990,0.27546518,0.0,1.0,0.0
0,16991,0.1563451,0.0,1.0,0.0
0,16992,-0.95838417,0.0,0.0,0.0
0,16993,-1.3361051,0.0,0.0,0.0
0,16994,-1.4752655,0.0,0.0,0.0
0,16995,-1.5746657,0.0,0.0,0.0
0,16996,-1.6343059,0.0,0.0,0.0
0,16997,-1.4553854,0.0,0.0,0.0
0,16998,-1.0776645,0.0,0.0,0.0
0,16999,-0.18306214,0.0,0.0,0.0
0,17000,0.71154018,0.0,0.0,0.0
0,17001,1.1886614,0.0,0.0,0.0
0,17002,1.2085415,0.0,0.0,0.0
0,17003,1.1489013,0.0,0.0,0.0
0,17004,0.91034069,0.0,0.0,0.0
0,17005,0.3338192,0.0,0.0,0.0
0,17006,0.4133394,0.0,0.0,0.0
0,17007,0.4133394,0.0,0.0,0.0
0,17008,0.53261971,0.0,0.0,0.0
0,17009,0.53261971,0.0,0.0,0.0
0,17010,1.1489013,0.0,0.0,0.0
0,17011,1.029621,0.0,0.0,0.0
0,17012,0.57237982,0.0,0.0,0.0
0,17013,0.25429899,0.0,0.0,0.0
0,17014,-0.14330204,0.0,0.0,0.0
0,17015,-0.56078313,0.0,0.0,0.0
0,17016,-1.1398499,0.0,0.0,0.0
0,17017,-1.3177777,0.0,0.0,0.0
0,17018,-1.4512235,0.0,0.0,0.0
0,17019,-1.6513923,0.0,0.0,0.0
0,17020,-1.5846693,0.0,0.0,0.0
0,17021,-1.3622596,0.0,0.0,0.0
0,17022,-0.98416305,0.0,0.0,0.0
0,17023,-0.094524132,0.0,0.0,0.0
0,17024,0.50598214,0.0,0.0,0.0
0,17025,1.1064884,0.0,0.0,0.0
0,17026,1.0397655,0.0,0.0,0.0
0,17027,0.90631966,0.0,0.0,0.0
0,17028,0.75063285,0.0,0.0,0.0
0,17029,0.43925922,0.0,0.0,0.0
0,17030,0.26133143,0.0,0.0,0.0
0,17031,0.41701825,0.0,0.0,0.0
0,17032,0.3725363,0.0,0.0,0.0
0,17033,0.55046409,0.0,0.0,0.0
0,17034,1.440103,0.0,0.0,0.0
0,17035,1.3066572,0.0,0.0,0.0
0,17036,0.83959674,0.0,0.0,0.0
0,17037,0.35029533,0.0,0.0,0.0
0,17038,-0.11676511,0.0,0.0,0.0
0,17039,-0.58382555,0.0,0.0,0.0
0,17040,-0.8869813,0.0,0.0,0.0
0,17041,-1.3924905,0.0,0.0,0.0
0,17042,-1.5329097,0.0,0.0,0.0
0,17043,-1.5329097,0.0,0.0,0.0
0,17044,-1.7294965,0.0,0.0,0.0
0,17045,-1.4486581,0.0,0.0,0.0
0,17046,-0.99931667,0.0,0.0,0.0
0,17047,-0.38147217,0.0,0.0,0.0
0,17048,0.65762994,0.0,0.0,0.0
0,17049,1.4158937,0.0,0.0,0.0
0,17050,1.2754744,0.0,0.0,0.0
0,17051,1.2473906,0.0,0.0,0.0
0,17052,0.9665522,0.0,0.0,0.0
0,17053,0.60146226,0.0,0.0,0.0
0,17054,0.6295461,0.0,0.0,0.0
0,17055,0.76996531,0.0,0.0,0.0
0,17056,0.76996531,0.0,0.0,0.0
0,17057,0.37679153,0.0,0.0,0.0
0,17058,0.20828849,0.0,0.0,0.0
0,17059,0.26445617,0.0,0.0,0.0
0,17060,0.20828849,0.0,0.0,0.0
0,17061,0.65762994,0.0,0.0,0.0
0,17062,0.15212081,0.0,0.0,0.0
0,17063,-0.29722065,0.0,0.0,0.0
0,17064,0.99357049,0.0,0.0,1.0
0,17065,0.010918354,0.0,0.0,1.0
0,17066,-0.44765265,0.0,0.0,1.0
0,17067,-0.64418307,0.0,0.0,1.0
0,17068,-0.77520335,0.0,0.0,1.0
0,17069,-0.84071349,0.0,0.0,1.0
0,17070,-1.8888757,0.0,0.0,1.0
0,17071,-1.7578554,0.0,0.0,1.0
0,17072,-1.102754,0.0,0.0,1.0
0,17073,-0.25112222,0.0,0.0,1.0
0,17074,0.4039792,0.0,0.0,1.0
0,17075,0.53499948,0.0,0.0,1.0
0,17076,0.66601979,0.0,0.0,1.0
0,17077,0.14193864,0.0,0.0,1.0
0,17078,-0.25112222,0.0,0.0,1.0
0,17079,-0.18561207,0.0,0.0,1.0
0,17080,-0.18561207,0.0,0.0,1.0
0,17081,-0.12010192,0.0,0.0,1.0
0,17082,-0.18561207,0.0,0.0,1.0
0,17083,-0.054591788,0.0,0.0,1.0
0,17084,0.53499948,0.0,0.0,1.0
0,17085,0.99357049,0.0,0.0,1.0
0,17086,2.3692834,0.0,0.0,1.0
0,17087,2.0417327,0.0,0.0,1.0
0,17088,-0.87992473,0.0,0.0,0.0
0,17089,-1.3649358,0.0,0.0,0.0
0,17090,-1.5266062,0.0,0.0,0.0
0,17091,-1.6276502,0.0,0.0,0.0
0,17092,-1.5670238,0.0,0.0,0.0
0,17093,-1.5063974,0.0,0.0,0.0
0,17094,-1.1830567,0.0,0.0,0.0
0,17095,-0.17261681,0.0,0.0,0.0
0,17096,0.99949345,0.0,0.0,0.0
0,17097,1.039911,0.0,0.0,0.0
0,17098,1.0197022,0.0,0.0,0.0
0,17099,0.91865826,0.0,0.0,0.0
0,17100,0.77719667,0.0,0.0,0.0
0,17101,0.43364711,0.0,0.0,0.0
0,17102,0.45385591,0.0,0.0,0.0
0,17103,0.45385591,0.0,0.0,0.0
0,17104,0.4942735,0.0,0.0,0.0
0,17105,0.61552629,0.0,0.0,0.0
0,17106,1.2217902,0.0,0.0,0.0
0,17107,1.0601198,0.0,0.0,0.0
0,17108,0.67615268,0.0,0.0,0.0
0,17109,0.33260312,0.0,0.0,0.0
0,17110,-0.2130344,0.0,0.0,0.0
0,17111,-0.45553999,0.0,0.0,0.0
0,17112,-1.0182047,0.0,0.0,0.0
0,17113,-1.3705392,0.0,0.0,0.0
0,17114,-1.5215397,0.0,0.0,0.0
0,17115,-1.59704,0.0,0.0,0.0
0,17116,-1.6725402,0.0,0.0,0.0
0,17117,-1.4712062,0.0,0.0,0.0
0,17118,-0.96787124,0.0,0.0,0.0
0,17119,-0.5400365,0.0,0.0,0.0
0,17120,0.54213371,0.0,0.0,0.0
0,17121,1.322303,0.0,0.0,0.0
0,17122,1.1713025,0.0,0.0,0.0
0,17123,1.1713025,0.0,0.0,0.0
0,17124,0.8944682,0.0,0.0,0.0
0,17125,0.59246721,0.0,0.0,0.0
0,17126,0.69313421,0.0,0.0,0.0
0,17127,0.64280071,0.0,0.0,0.0
0,17128,0.76863446,0.0,0.0,0.0
0,17129,0.69313421,0.0,0.0,0.0
0,17130,0.39113322,0.0,0.0,0.0
0,17131,0.49180022,0.0,0.0,0.0
0,17132,0.038798726,0.0,0.0,0.0
0,17133,0.71830096,0.0,0.0,0.0
0,17134,0.34079972,0.0,0.0,0.0
0,17135,-0.31353576,0.0,0.0,0.0
0,17136,-0.98500015,0.0,0.0,0.0
0,17137,-1.3499402,0.0,0.0,0.0
0,17138,-1.5121358,0.0,0.0,0.0
0,17139,-1.613508,0.0,0.0,0.0
0,17140,-1.5729591,0.0,0.0,0.0
0,17141,-1.4513124,0.0,0.0,0.0
0,17142,-1.0255491,0.0,0.0,0.0
0,17143,-0.072650096,0.0,0.0,0.0
0,17144,0.61668106,0.0,0.0,0.0
0,17145,1.0829933,0.0,0.0,0.0
0,17146,1.1032678,0.0,0.0,0.0
0,17147,0.98162108,0.0,0.0,0.0
0,17148,0.73832773,0.0,0.0,0.0
0,17149,0.39366216,0.0,0.0,0.0
0,17150,0.33283882,0.0,0.0,0.0
0,17151,0.4544855,0.0,0.0,0.0
0,17152,0.51530884,0.0,0.0,0.0
0,17153,0.83969996,0.0,0.0,0.0
0,17154,1.2857378,0.0,0.0,0.0
0,17155,1.1843656,0.0,0.0,0.0
0,17156,0.61668106,0.0,0.0,0.0
0,17157,0.27201548,0.0,0.0,0.0
0,17158,-0.19429677,0.0,0.0,0.0
0,17159,-0.64033459,0.0,0.0,0.0
0,17160,-0.60919748,1.0,0.0,0.0
0,17161,-1.1016855,1.0,0.0,0.0
0,17162,-1.4710516,1.0,0.0,0.0
0,17163,-1.6249541,1.0,0.0,0.0
0,17164,-1.6557346,1.0,0.0,0.0
0,17165,-1.4710516,1.0,0.0,0.0
0,17166,-1.1016855,1.0,0.0,0.0
0,17167,-0.17827043,1.0,0.0,0.0
0,17168,0.25265663,1.0,0.0,0.0
0,17169,0.99138872,1.0,0.0,0.0
0,17170,1.2068523,1.0,0.0,0.0
0,17171,1.1760718,1.0,0.0,0.0
0,17172,1.0221692,1.0,0.0,0.0
0,17173,0.37577864,1.0,0.0,0.0
0,17174,0.22187612,1.0,0.0,0.0
0,17175,-0.30139244,1.0,0.0,0.0
0,17176,-0.024367908,1.0,0.0,0.0
0,17177,0.89904721,1.0,0.0,0.0
0,17178,1.2376328,1.0,0.0,0.0
0,17179,1.3299743,1.0,0.0,0.0
0,17180,0.8374862,1.0,0.0,0.0
0,17181,0.49890066,1.0,0.0,0.0
0,17182,-0.085928916,1.0,0.0,0.0
0,17183,-0.42451446,1.0,0.0,0.0
0,17184,-0.78041664,0.0,0.0,0.0
0,17185,-1.3014562,0.0,0.0,0.0
0,17186,-1.4385719,0.0,0.0,0.0
0,17187,-1.5756875,0.0,0.0,0.0
0,17188,-1.6305338,0.0,0.0,0.0
0,17189,-1.465995,0.0,0.0,0.0
0,17190,-1.2740331,0.0,0.0,0.0
0,17191,-0.67072411,0.0,0.0,0.0
0,17192,0.70043251,0.0,0.0,0.0
0,17193,1.2214721,0.0,0.0,0.0
0,17194,1.3037415,0.0,0.0,0.0
0,17195,1.1940489,0.0,0.0,0.0
0,17196,1.0843564,0.0,0.0,0.0
0,17197,0.70043251,0.0,0.0,0.0
0,17198,0.67300938,0.0,0.0,0.0
0,17199,0.81012505,0.0,0.0,0.0
0,17200,0.81012505,0.0,0.0,0.0
0,17201,0.56331685,0.0,0.0,0.0
0,17202,0.42620119,0.0,0.0,0.0
0,17203,0.28908553,0.0,0.0,0.0
0,17204,0.097123596,0.0,0.0,0.0
0,17205,0.097123596,0.0,0.0,0.0
0,17206,0.31650866,0.0,0.0,0.0
0,17207,-0.1496846,0.0,0.0,0.0
0,17208,-0.35788607,1.0,0.0,0.0
0,17209,-0.83711548,1.0,0.0,0.0
0,17210,-1.3163449,1.0,0.0,0.0
0,17211,-1.3900725,1.0,0.0,0.0
0,17212,-1.5006639,1.0,0.0,0.0
0,17213,-1.3532087,1.0,0.0,0.0
0,17214,-1.1688897,1.0,0.0,0.0
0,17215,-0.68966028,1.0,0.0,0.0
0,17216,-0.76338788,1.0,0.0,0.0
0,17217,0.010751939,1.0,0.0,0.0
0,17218,0.60057276,1.0,0.0,0.0
0,17219,0.71116416,1.0,0.0,0.0
0,17220,0.67430036,1.0,0.0,0.0
0,17221,0.15820715,1.0,0.0,0.0
0,17222,-0.099839463,1.0,0.0,0.0
0,17223,-0.13670326,1.0,0.0,0.0
0,17224,-0.24729467,1.0,0.0,0.0
0,17225,0.96921076,1.0,0.0,0.0
0,17226,1.4484402,1.0,0.0,0.0
0,17227,1.7433506,1.0,0.0,0.0
0,17228,1.5590316,1.0,0.0,0.0
0,17229,1.2641212,1.0,0.0,0.0
0,17230,0.67430036,1.0,0.0,0.0
0,17231,0.04761574,1.0,0.0,0.0
0,17232,-0.75455421,0.0,0.0,0.0
0,17233,-1.1771045,0.0,0.0,0.0
0,17234,-1.3581975,0.0,0.0,0.0
0,17235,-1.448744,0.0,0.0,0.0
0,17236,-1.5091084,0.0,0.0,0.0
0,17237,-1.3280154,0.0,0.0,0.0
0,17238,-1.267651,0.0,0.0,0.0
0,17239,-0.66400771,0.0,0.0,0.0
0,17240,0.63382552,0.0,0.0,0.0
0,17241,1.086558,0.0,0.0,0.0
0,17242,1.3280154,0.0,0.0,0.0
0,17243,1.267651,0.0,0.0,0.0
0,17244,1.3280154,0.0,0.0,0.0
0,17245,0.81491853,0.0,0.0,0.0
0,17246,0.72437202,0.0,0.0,0.0
0,17247,0.96582938,0.0,0.0,0.0
0,17248,0.99601154,0.0,0.0,0.0
0,17249,0.75455419,0.0,0.0,0.0
0,17250,0.54327902,0.0,0.0,0.0
0,17251,0.06036433,0.0,0.0,0.0
0,17252,-0.30182169,0.0,0.0,0.0
0,17253,-0.36218602,0.0,0.0,0.0
0,17254,-0.030182174,0.0,0.0,0.0
0,17255,-0.30182169,0.0,0.0,0.0
0,17256,0.050084569,0.0,1.0,0.0
0,17257,-0.55093018,0.0,1.0,0.0
0,17258,-1.031742,0.0,1.0,0.0
0,17259,-1.1519449,0.0,1.0,0.0
0,17260,-1.2721479,0.0,1.0,0.0
0,17261,-0.91153903,0.0,1.0,0.0
0,17262,-0.43072723,0.0,1.0,0.0
0,17263,-1.8731626,0.0,1.0,0.0
0,17264,-1.1519449,0.0,1.0,0.0
0,17265,0.29049047,0.0,1.0,0.0
0,17266,0.53089637,0.0,1.0,0.0
0,17267,0.89150522,0.0,1.0,0.0
0,17268,0.65109932,0.0,1.0,0.0
0,17269,0.29049047,0.0,1.0,0.0
0,17270,-1.031742,0.0,1.0,0.0
0,17271,0.41069342,0.0,1.0,0.0
0,17272,0.53089637,0.0,1.0,0.0
0,17273,0.050084569,0.0,1.0,0.0
0,17274,0.41069342,0.0,1.0,0.0
0,17275,0.050084569,0.0,1.0,0.0
0,17276,0.050084569,0.0,1.0,0.0
0,17277,2.2137376,0.0,1.0,0.0
0,17278,1.7329258,0.0,1.0,0.0
0,17279,1.252114,0.0,1.0,0.0
0,17280,-0.71029345,0.0,0.0,0.0
0,17281,-1.2259513,0.0,0.0,0.0
0,17282,-1.5292795,0.0,0.0,0.0
0,17283,-1.6809436,0.0,0.0,0.0
0,17284,-1.6202779,0.0,0.0,0.0
0,17285,-1.4686139,0.0,0.0,0.0
0,17286,-1.1956185,0.0,0.0,0.0
0,17287,-0.2553012,0.0,0.0,0.0
0,17288,0.44235357,0.0,0.0,0.0
0,17289,1.2310068,0.0,0.0,0.0
0,17290,1.3826709,0.0,0.0,0.0
0,17291,1.1400083,0.0,0.0,0.0
0,17292,1.0186771,0.0,0.0,0.0
0,17293,0.62435047,0.0,0.0,0.0
0,17294,0.59401765,0.0,0.0,0.0
0,17295,0.77601455,0.0,0.0,0.0
0,17296,0.74568173,0.0,0.0,0.0
0,17297,0.44235357,0.0,0.0,0.0
0,17298,-0.10363712,0.0,0.0,0.0
0,17299,-0.042971488,0.0,0.0,0.0
0,17300,0.80634736,0.0,0.0,0.0
0,17301,0.80634736,0.0,0.0,0.0
0,17302,0.19969104,0.0,0.0,0.0
0,17303,-0.37663247,0.0,0.0,0.0
0,17304,-1.0686693,1.0,0.0,0.0
0,17305,-1.2622396,1.0,0.0,0.0
0,17306,-1.5042024,1.0,0.0,0.0
0,17307,-1.6251838,1.0,0.0,0.0
0,17308,-1.6251838,1.0,0.0,0.0
0,17309,-1.552595,1.0,0.0,0.0
0,17310,-1.2380433,1.0,0.0,0.0
0,17311,-0.028228993,1.0,0.0,0.0
0,17312,0.60087443,1.0,0.0,0.0
0,17313,1.2299778,1.0,0.0,0.0
0,17314,1.157389,1.0,0.0,0.0
0,17315,1.2299778,1.0,0.0,0.0
0,17316,0.91542614,1.0,0.0,0.0
0,17317,0.67346328,1.0,0.0,0.0
0,17318,0.67346328,1.0,0.0,0.0
0,17319,0.55248186,1.0,0.0,0.0
0,17320,0.62507071,1.0,0.0,0.0
0,17321,0.26212643,1.0,0.0,0.0
0,17322,0.14114501,1.0,0.0,0.0
0,17323,0.310519,1.0,0.0,0.0
0,17324,0.93962242,1.0,0.0,0.0
0,17325,0.649267,1.0,0.0,0.0
0,17326,0.21373386,1.0,0.0,0.0
0,17327,-0.27019184,1.0,0.0,0.0
0,17328,-0.25090847,0.0,0.0,0.0
0,17329,-0.9283613,0.0,0.0,0.0
0,17330,-1.2294515,0.0,0.0,0.0
0,17331,-1.3799965,0.0,0.0,0.0
0,17332,-1.5305416,0.0,0.0,0.0
0,17333,-1.304724,0.0,0.0,0.0
0,17334,-1.0036338,0.0,0.0,0.0
0,17335,-1.3799965,0.0,0.0,0.0
0,17336,-0.025090858,0.0,0.0,0.0
0,17337,1.1792698,0.0,0.0,0.0
0,17338,1.4050874,0.0,0.0,0.0
0,17339,1.5556325,0.0,0.0,0.0
0,17340,1.5556325,0.0,0.0,0.0
0,17341,0.87817959,0.0,0.0,0.0
0,17342,0.72763452,0.0,0.0,0.0
0,17343,0.35127183,0.0,0.0,0.0
0,17344,0.42654436,0.0,0.0,0.0
0,17345,0.35127183,0.0,0.0,0.0
0,17346,-0.025090858,0.0,0.0,0.0
0,17347,-0.17563593,0.0,0.0,0.0
0,17348,-0.7025437,0.0,0.0,0.0
0,17349,0.95345213,0.0,0.0,0.0
0,17350,0.57708944,0.0,0.0,0.0
0,17351,-0.025090858,0.0,0.0,0.0
0,17352,-0.94885127,0.0,0.0,0.0
0,17353,-1.4753815,0.0,0.0,0.0
0,17354,-1.659667,0.0,0.0,0.0
0,17355,-1.607014,0.0,0.0,0.0
0,17356,-1.607014,0.0,0.0,0.0
0,17357,-1.554361,0.0,0.0,0.0
0,17358,-1.0541573,0.0,0.0,0.0
0,17359,-0.1853825,0.0,0.0,0.0
0,17360,0.60441278,0.0,0.0,0.0
0,17361,1.1046165,0.0,0.0,0.0
0,17362,1.2099225,0.0,0.0,0.0
0,17363,1.0519634,0.0,0.0,0.0
0,17364,0.84135136,0.0,0.0,0.0
0,17365,0.57808627,0.0,0.0,0.0
0,17366,0.52543325,0.0,0.0,0.0
0,17367,0.6570658,0.0,0.0,0.0
0,17368,0.76237183,0.0,0.0,0.0
0,17369,0.36747419,0.0,0.0,0.0
0,17370,0.18318863,0.0,0.0,0.0
0,17371,0.42012721,0.0,0.0,0.0
0,17372,1.0519634,0.0,0.0,0.0
0,17373,0.68339231,0.0,0.0,0.0
0,17374,0.15686212,0.0,0.0,0.0
0,17375,-0.10640298,0.0,0.0,0.0
0,17376,0.29155834,0.0,1.0,0.0
0,17377,-0.52795699,0.0,1.0,0.0
0,17378,-1.0322741,0.0,1.0,0.0
0,17379,-1.4735516,0.0,1.0,0.0
0,17380,-1.410512,0.0,1.0,0.0
0,17381,-1.1583534,0.0,1.0,0.0
0,17382,-1.9778687,0.0,1.0,0.0
0,17383,-1.1583534,0.0,1.0,0.0
0,17384,0.039399773,0.0,1.0,0.0
0,17385,1.4262719,0.0,1.0,0.0
0,17386,1.930589,0.0,1.0,0.0
0,17387,1.5523511,0.0,1.0,0.0
0,17388,1.1110737,0.0,1.0,0.0
0,17389,0.48067726,0.0,1.0,0.0
0,17390,0.2285187,0.0,1.0,0.0
0,17391,0.16547906,0.0,1.0,0.0
0,17392,0.16547906,0.0,1.0,0.0
0,17393,0.16547906,0.0,1.0,0.0
0,17394,0.039399773,0.0,1.0,0.0
0,17395,0.16547906,0.0,1.0,0.0
0,17396,0.039399773,0.0,1.0,0.0
0,17397,-0.27579843,0.0,1.0,0.0
0,17398,0.92195472,0.0,1.0,0.0
0,17399,0.29155834,0.0,1.0,0.0
0,17400,-0.98888442,0.0,0.0,0.0
0,17401,-1.2951196,0.0,0.0,0.0
0,17402,-1.5794809,0.0,0.0,0.0
0,17403,-1.513859,0.0,0.0,0.0
0,17404,-1.5794809,0.0,0.0,0.0
0,17405,-1.4919851,0.0,0.0,0.0
0,17406,-1.163876,0.0,0.0,0.0
0,17407,-0.24517042,0.0,0.0,0.0
0,17408,0.65166117,0.0,0.0,0.0
0,17409,1.2641315,0.0,0.0,0.0
0,17410,1.1547618,0.0,0.0,0.0
0,17411,1.0453921,0.0,0.0,0.0
0,17412,0.89227453,0.0,0.0,0.0
0,17413,0.58603935,0.0,0.0,0.0
0,17414,0.38917388,0.0,0.0,0.0
0,17415,0.65166117,0.0,0.0,0.0
0,17416,0.76103088,0.0,0.0,0.0
0,17417,0.56416541,0.0,0.0,0.0
0,17418,0.52041752,0.0,0.0,0.0
0,17419,1.0235182,0.0,0.0,0.0
0,17420,0.73915694,0.0,0.0,0.0
0,17421,0.36729994,0.0,0.0,0.0
0,17422,-0.17954859,0.0,0.0,0.0
0,17423,-0.57327953,0.0,0.0,0.0
0,17424,-0.76694875,0.0,0.0,0.0
0,17425,-1.1731671,0.0,0.0,0.0
0,17426,-1.4270536,0.0,0.0,0.0
0,17427,-1.3762763,0.0,0.0,0.0
0,17428,-1.5793855,0.0,0.0,0.0
0,17429,-1.4778309,0.0,0.0,0.0
0,17430,-1.5793855,0.0,0.0,0.0
0,17431,-0.71617145,0.0,0.0,0.0
0,17432,0.37554042,0.0,0.0,0.0
0,17433,0.88331338,0.0,0.0,0.0
0,17434,1.1118112,0.0,0.0,0.0
0,17435,1.3656977,0.0,0.0,0.0
0,17436,1.0610339,0.0,0.0,0.0
0,17437,0.78175879,0.0,0.0,0.0
0,17438,0.75637014,0.0,0.0,0.0
0,17439,0.88331338,0.0,0.0,0.0
0,17440,1.0356453,0.0,0.0,0.0
0,17441,0.78175879,0.0,0.0,0.0
0,17442,0.6294269,0.0,0.0,0.0
0,17443,0.37554042,0.0,0.0,0.0
0,17444,0.17243124,0.0,0.0,0.0
0,17445,-0.13223254,0.0,0.0,0.0
0,17446,0.14704259,0.0,0.0,0.0
0,17447,-0.13223254,0.0,0.0,0.0
0,17448,-0.91447083,0.0,0.0,0.0
0,17449,-1.1895762,0.0,0.0,0.0
0,17450,-1.4646817,0.0,0.0,0.0
0,17451,-1.4952489,0.0,0.0,0.0
0,17452,-1.5869507,0.0,0.0,0.0
0,17453,-1.4952489,0.0,0.0,0.0
0,17454,-0.9450381,0.0,0.0,0.0
0,17455,-0.91447083,0.0,0.0,0.0
0,17456,0.33878723,0.0,0.0,0.0
0,17457,1.102969,0.0,0.0,0.0
0,17458,1.2558053,0.0,0.0,0.0
0,17459,1.2252381,0.0,0.0,0.0
0,17460,1.0112672,0.0,0.0,0.0
0,17461,0.82786354,0.0,0.0,0.0
0,17462,0.91956536,0.0,0.0,0.0
0,17463,1.0112672,0.0,0.0,0.0
0,17464,1.0418344,0.0,0.0,0.0
0,17465,0.73616173,0.0,0.0,0.0
0,17466,0.46105631,0.0,0.0,0.0
0,17467,0.12481634,0.0,0.0,0.0
0,17468,-0.02802001,0.0,0.0,0.0
0,17469,-0.05858728,0.0,0.0,0.0
0,17470,0.15538361,0.0,0.0,0.0
0,17471,-0.11972182,0.0,0.0,0.0
0,17472,-1.0283851,0.0,0.0,0.0
0,17473,-1.1060805,0.0,0.0,0.0
0,17474,-1.5981514,0.0,0.0,0.0
0,17475,-1.5981514,0.0,0.0,0.0
0,17476,-1.6499484,0.0,0.0,0.0
0,17477,-1.4427606,0.0,0.0,0.0
0,17478,-1.131979,0.0,0.0,0.0
0,17479,-0.43272026,0.0,0.0,0.0
0,17480,0.47372619,0.0,0.0,0.0
0,17481,0.68091395,0.0,0.0,0.0
0,17482,0.93989865,0.0,0.0,0.0
0,17483,0.83630477,0.0,0.0,0.0
0,17484,0.78450783,0.0,0.0,0.0
0,17485,0.47372619,0.0,0.0,0.0
0,17486,0.24063996,0.0,0.0,0.0
0,17487,0.42192925,0.0,0.0,0.0
0,17488,0.37013231,0.0,0.0,0.0
0,17489,1.1988833,0.0,0.0,0.0
0,17490,1.3801726,0.0,0.0,0.0
0,17491,1.3024772,0.0,0.0,0.0
0,17492,0.83630477,0.0,0.0,0.0
0,17493,0.21474149,0.0,0.0,0.0
0,17494,0.085249138,0.0,0.0,0.0
0,17495,-0.25143097,0.0,0.0,0.0
0,17496,-0.0058191939,1.0,0.0,1.0
0,17497,-0.65756846,1.0,0.0,1.0
0,17498,-1.0765501,1.0,0.0,1.0
0,17499,-1.1231036,1.0,0.0,1.0
0,17500,-1.0765501,1.0,0.0,1.0
0,17501,-1.1696571,1.0,0.0,1.0
0,17502,-0.93688957,1.0,0.0,1.0
0,17503,-0.47135438,1.0,0.0,1.0
0,17504,-0.79722901,1.0,0.0,1.0
0,17505,0.087287843,1.0,0.0,1.0
0,17506,0.7390371,1.0,0.0,1.0
0,17507,0.92525118,1.0,0.0,1.0
0,17508,0.92525118,1.0,0.0,1.0
0,17509,0.2269484,1.0,0.0,1.0
0,17510,-0.28514031,1.0,0.0,1.0
0,17511,-0.61101494,1.0,0.0,1.0
0,17512,-0.70412197,1.0,0.0,1.0
0,17513,-0.84378253,1.0,0.0,1.0
0,17514,-0.47135438,1.0,0.0,1.0
0,17515,1.623554,1.0,0.0,1.0
0,17516,2.0425356,1.0,0.0,1.0
0,17517,1.716661,1.0,0.0,1.0
0,17518,1.1114652,1.0,0.0,1.0
0,17519,0.83214414,1.0,0.0,1.0
0,17520,-0.92025113,0.0,0.0,0.0
0,17521,-1.278254,0.0,0.0,0.0
0,17522,-1.5261022,0.0,0.0,0.0
0,17523,-1.636257,0.0,0.0,0.0
0,17524,-1.6913343,0.0,0.0,0.0
0,17525,-1.3333314,0.0,0.0,0.0
0,17526,-1.0304059,0.0,0.0,0.0
0,17527,-0.56224819,0.0,0.0,0.0
0,17528,0.62191535,0.0,0.0,0.0
0,17529,1.4480759,0.0,0.0,0.0
0,17530,1.3929986,0.0,0.0,0.0
0,17531,1.0349956,0.0,0.0,0.0
0,17532,1.0349956,0.0,0.0,0.0
0,17533,0.48422192,0.0,0.0,0.0
0,17534,0.67699273,0.0,0.0,0.0
0,17535,0.70453141,0.0,0.0,0.0
0,17536,0.59437667,0.0,0.0,0.0
0,17537,0.31898979,0.0,0.0,0.0
0,17538,0.18129635,0.0,0.0,0.0
0,17539,0.23637373,0.0,0.0,0.0
0,17540,0.071141608,0.0,0.0,0.0
0,17541,0.86976353,0.0,0.0,0.0
0,17542,0.59437667,0.0,0.0,0.0
0,17543,-0.28686132,0.0,0.0,0.0
0,17544,-0.81772966,0.0,0.0,0.0
0,17545,-1.1448215,0.0,0.0,0.0
0,17546,-1.3827065,0.0,0.0,0.0
0,17547,-1.4421777,0.0,0.0,0.0
0,17548,-1.4124421,0.0,0.0,0.0
0,17549,-1.3232352,0.0,0.0,0.0
0,17550,-1.4719133,0.0,0.0,0.0
0,17551,-0.69878716,0.0,0.0,0.0
0,17552,0.37169529,0.0,0.0,0.0
0,17553,1.1448215,0.0,0.0,0.0
0,17554,1.263764,0.0,0.0,0.0
0,17555,1.2934996,0.0,0.0,0.0
0,17556,1.1150859,0.0,0.0,0.0
0,17557,0.75825839,0.0,0.0,0.0
0,17558,0.90693651,0.0,0.0,0.0
0,17559,0.84746526,0.0,0.0,0.0
0,17560,1.025879,0.0,0.0,0.0
0,17561,0.87720089,0.0,0.0,0.0
0,17562,0.66905152,0.0,0.0,0.0
0,17563,0.2527528,0.0,0.0,0.0
0,17564,-0.28248843,0.0,0.0,0.0
0,17565,-0.19328156,0.0,0.0,0.0
0,17566,-0.044603443,0.0,0.0,0.0
0,17567,-0.31222405,0.0,0.0,0.0
0,17568,-1.1411425,0.0,0.0,0.0
0,17569,-1.4225803,0.0,0.0,0.0
0,17570,-1.5281195,0.0,0.0,0.0
0,17571,-1.5632992,0.0,0.0,0.0
0,17572,-1.5281195,0.0,0.0,0.0
0,17573,-1.4225803,0.0,0.0,0.0
0,17574,-1.070783,0.0,0.0,0.0
0,17575,-0.26164924,0.0,0.0,0.0
0,17576,0.47712508,0.0,0.0,0.0
0,17577,1.1103602,0.0,0.0,0.0
0,17578,1.1279501,0.0,0.0,0.0
0,17579,1.1103602,0.0,0.0,0.0
0,17580,0.98723115,0.0,0.0,0.0
0,17581,0.5650744,0.0,0.0,0.0
0,17582,0.58266427,0.0,0.0,0.0
0,17583,0.72338318,0.0,0.0,0.0
0,17584,0.72338318,0.0,0.0,0.0
0,17585,0.67061359,0.0,0.0,0.0
0,17586,0.93446156,0.0,0.0,0.0
0,17587,0.89928183,0.0,0.0,0.0
0,17588,0.47712508,0.0,0.0,0.0
0,17589,0.24845684,0.0,0.0,0.0
0,17590,-0.2792391,0.0,0.0,0.0
0,17591,-0.41995802,0.0,0.0,0.0
0,17592,-0.81554657,0.0,0.0,0.0
0,17593,-1.25913,0.0,0.0,0.0
0,17594,-1.5086456,0.0,0.0,0.0
0,17595,-1.6472654,0.0,0.0,0.0
0,17596,-1.6749894,0.0,0.0,0.0
0,17597,-1.4809217,0.0,0.0,0.0
0,17598,-1.0927862,0.0,0.0,0.0
0,17599,-0.011551649,0.0,0.0,0.0
0,17600,0.5429276,0.0,0.0,0.0
0,17601,1.4300944,0.0,0.0,0.0
0,17602,1.4855423,0.0,0.0,0.0
0,17603,1.2637506,0.0,0.0,0.0
0,17604,1.014235,0.0,0.0,0.0
0,17605,0.43203175,0.0,0.0,0.0
0,17606,0.57065156,0.0,0.0,0.0
0,17607,0.5429276,0.0,0.0,0.0
0,17608,0.51520364,0.0,0.0,0.0
0,17609,0.34885986,0.0,0.0,0.0
0,17610,0.23796401,0.0,0.0,0.0
0,17611,0.26568797,0.0,0.0,0.0
0,17612,0.73699534,0.0,0.0,0.0
0,17613,0.5429276,0.0,0.0,0.0
0,17614,0.043896278,0.0,0.0,0.0
0,17615,-0.48285902,0.0,0.0,0.0
0,17616,-0.82567084,0.0,0.0,0.0
0,17617,-1.244668,0.0,0.0,0.0
0,17618,-1.5897245,0.0,0.0,0.0
0,17619,-1.688312,0.0,0.0,0.0
0,17620,-1.5897245,0.0,0.0,0.0
0,17621,-1.5157838,0.0,0.0,0.0
0,17622,-1.1707273,0.0,0.0,0.0
0,17623,0.012323447,0.0,0.0,0.0
0,17624,0.89961152,0.0,0.0,0.0
0,17625,1.022846,0.0,0.0,0.0
0,17626,1.244668,0.0,0.0,0.0
0,17627,1.2200211,0.0,0.0,0.0
0,17628,0.85031774,0.0,0.0,0.0
0,17629,0.43132059,0.0,0.0,0.0
0,17630,0.4066737,0.0,0.0,0.0
0,17631,0.4066737,0.0,0.0,0.0
0,17632,0.4066737,0.0,0.0,0.0
0,17633,0.20949857,0.0,0.0,0.0
0,17634,0.25879235,0.0,0.0,0.0
0,17635,1.1460804,0.0,0.0,0.0
0,17636,0.89961152,0.0,0.0,0.0
0,17637,0.60384883,0.0,0.0,0.0
0,17638,0.1355579,0.0,0.0,0.0
0,17639,-0.52990815,0.0,0.0,0.0
0,17640,-0.32721977,0.0,1.0,0.0
0,17641,-0.75460886,0.0,1.0,0.0
0,17642,-1.181998,0.0,1.0,0.0
0,17643,-1.4491161,0.0,1.0,0.0
0,17644,-1.3956925,0.0,1.0,0.0
0,17645,-1.2354216,0.0,1.0,0.0
0,17646,-0.91487977,0.0,1.0,0.0
0,17647,-0.32721977,0.0,1.0,0.0
0,17648,0.15359295,0.0,1.0,0.0
0,17649,1.8631493,0.0,1.0,0.0
0,17650,1.4891839,0.0,1.0,0.0
0,17651,1.6494548,0.0,1.0,0.0
0,17652,1.0083711,0.0,1.0,0.0
0,17653,0.26044023,0.0,1.0,0.0
0,17654,-0.38064341,0.0,1.0,0.0
0,17655,-0.2203725,0.0,1.0,0.0
0,17656,-0.38064341,0.0,1.0,0.0
0,17657,-0.54091432,0.0,1.0,0.0
0,17658,-0.43406704,0.0,1.0,0.0
0,17659,-0.32721977,0.0,1.0,0.0
0,17660,1.4891839,0.0,1.0,0.0
0,17661,1.168642,0.0,1.0,0.0
0,17662,0.58098204,0.0,1.0,0.0
0,17663,0.20701659,0.0,1.0,0.0
0,17664,-0.9038307,0.0,0.0,0.0
0,17665,-1.2475054,0.0,0.0,0.0
0,17666,-1.3890185,0.0,0.0,0.0
0,17667,-1.6316124,0.0,0.0,0.0
0,17668,-1.6922608,0.0,0.0,0.0
0,17669,-1.3485862,0.0,0.0,0.0
0,17670,-1.1666407,0.0,0.0,0.0
0,17671,-0.27712982,0.0,0.0,0.0
0,17672,0.9964881,0.0,0.0,0.0
0,17673,1.2188658,0.0,0.0,0.0
0,17674,1.2188658,0.0,0.0,0.0
0,17675,0.9964881,0.0,0.0,0.0
0,17676,0.77411037,0.0,0.0,0.0
0,17677,0.43043569,0.0,0.0,0.0
0,17678,0.36978722,0.0,0.0,0.0
0,17679,0.39000338,0.0,0.0,0.0
0,17680,0.43043569,0.0,0.0,0.0
0,17681,0.59216495,0.0,0.0,0.0
0,17682,1.117785,0.0,0.0,0.0
0,17683,1.117785,0.0,0.0,0.0
0,17684,0.59216495,0.0,0.0,0.0
0,17685,0.26870644,0.0,0.0,0.0
0,17686,-0.25691367,0.0,0.0,0.0
0,17687,-0.60058834,0.0,0.0,0.0
0,17688,-1.0005715,0.0,0.0,0.0
0,17689,-1.207141,0.0,0.0,0.0
0,17690,-1.4911742,0.0,0.0,0.0
0,17691,-1.4911742,0.0,0.0,0.0
0,17692,-1.4911742,0.0,0.0,0.0
0,17693,-1.3878894,0.0,0.0,0.0
0,17694,-1.336247,0.0,0.0,0.0
0,17695,-0.58743229,0.0,0.0,0.0
0,17696,0.29048849,0.0,0.0,0.0
0,17697,1.0909456,0.0,0.0,0.0
0,17698,1.2458728,0.0,0.0,0.0
0,17699,1.271694,0.0,0.0,0.0
0,17700,0.96183967,0.0,0.0,0.0
0,17701,0.80691248,0.0,0.0,0.0
0,17702,0.83273368,0.0,0.0,0.0
0,17703,0.96183967,0.0,0.0,0.0
0,17704,1.0393033,0.0,0.0,0.0
0,17705,0.88437608,0.0,0.0,0.0
0,17706,0.47123688,0.0,0.0,0.0
0,17707,0.21302489,0.0,0.0,0.0
0,17708,-0.071008306,0.0,0.0,0.0
0,17709,-0.071008306,0.0,0.0,0.0
0,17710,0.16138249,0.0,0.0,0.0
0,17711,-0.096829504,0.0,0.0,0.0
0,17712,-0.15342527,0.0,1.0,0.0
0,17713,-0.76712637,0.0,1.0,0.0
0,17714,-1.2392041,0.0,1.0,0.0
0,17715,-1.3336197,0.0,1.0,0.0
0,17716,-1.5696586,0.0,1.0,0.0
0,17717,-1.3336197,0.0,1.0,0.0
0,17718,-0.95595748,0.0,1.0,0.0
0,17719,-0.9087497,0.0,1.0,0.0
0,17720,0.60189916,0.0,1.0,0.0
0,17721,1.5460547,0.0,1.0,0.0
0,17722,1.687678,0.0,1.0,0.0
0,17723,1.6404702,0.0,1.0,0.0
0,17724,0.97956138,0.0,1.0,0.0
0,17725,0.27144472,0.0,1.0,0.0
0,17726,0.035405834,0.0,1.0,0.0
0,17727,-0.24784083,0.0,1.0,0.0
0,17728,-0.43667194,0.0,1.0,0.0
0,17729,-0.34225638,0.0,1.0,0.0
0,17730,-0.29504861,0.0,1.0,0.0
0,17731,0.035405834,0.0,1.0,0.0
0,17732,0.88514582,0.0,1.0,0.0
0,17733,1.5460547,0.0,1.0,0.0
0,17734,0.36586027,0.0,1.0,0.0
0,17735,-0.011801943,0.0,1.0,0.0
0,17736,-1.0616414,0.0,0.0,0.0
0,17737,-1.3878356,0.0,0.0,0.0
0,17738,-1.5328108,0.0,0.0,0.0
0,17739,-1.6052984,0.0,0.0,0.0
0,17740,-1.4784451,0.0,0.0,0.0
0,17741,-1.4603232,0.0,0.0,0.0
0,17742,-1.0616414,0.0,0.0,0.0
0,17743,-0.24615585,0.0,0.0,0.0
0,17744,0.69618305,0.0,0.0,0.0
0,17745,1.0223773,0.0,0.0,0.0
0,17746,1.1311087,0.0,0.0,0.0
0,17747,0.98613348,0.0,0.0,0.0
0,17748,0.98613348,0.0,0.0,0.0
0,17749,0.49684213,0.0,0.0,0.0
0,17750,0.62369545,0.0,0.0,0.0
0,17751,0.53308593,0.0,0.0,0.0
0,17752,0.73242686,0.0,0.0,0.0
0,17753,1.076743,0.0,0.0,0.0
0,17754,1.0042554,0.0,0.0,0.0
0,17755,0.78679256,0.0,0.0,0.0
0,17756,0.47872022,0.0,0.0,0.0
0,17757,-0.02869303,0.0,0.0,0.0
0,17758,-0.19179015,0.0,0.0,0.0
0,17759,-0.49986248,0.0,0.0,0.0
0,17760,0.57648629,0.0,0.0,1.0
0,17761,-0.17924362,0.0,0.0,1.0
0,17762,-0.76057433,0.0,0.0,1.0
0,17763,-0.93497354,0.0,0.0,1.0
0,17764,-1.0512397,0.0,0.0,1.0
0,17765,-1.2256389,0.0,0.0,1.0
0,17766,-1.1093728,0.0,0.0,1.0
0,17767,-1.9232358,0.0,0.0,1.0
0,17768,-0.87684047,0.0,0.0,1.0
0,17769,0.1695548,0.0,0.0,1.0
0,17770,0.69275243,0.0,0.0,1.0
0,17771,1.0415508,0.0,0.0,1.0
0,17772,0.92528472,0.0,0.0,1.0
0,17773,0.40208708,0.0,0.0,1.0
0,17774,-0.29550977,0.0,0.0,1.0
0,17775,-0.29550977,0.0,0.0,1.0
0,17776,-0.52804205,0.0,0.0,1.0
0,17777,-0.64430819,0.0,0.0,1.0
0,17778,-0.41177591,0.0,0.0,1.0
0,17779,0.75088551,0.0,0.0,1.0
0,17780,1.2159501,0.0,0.0,1.0
0,17781,2.029813,0.0,0.0,1.0
0,17782,1.4484823,0.0,0.0,1.0
0,17783,0.98341779,0.0,0.0,1.0
0,17784,-0.34867646,1.0,0.0,0.0
0,17785,-1.0734842,1.0,0.0,0.0
0,17786,-1.3699965,1.0,0.0,0.0
0,17787,-1.5017797,1.0,0.0,0.0
0,17788,-1.6335629,1.0,0.0,0.0
0,17789,-1.5347255,1.0,0.0,0.0
0,17790,-1.0405384,1.0,0.0,0.0
0,17791,-0.15100161,1.0,0.0,0.0
0,17792,0.37613129,1.0,0.0,0.0
0,17793,1.1997765,1.0,0.0,0.0
0,17794,1.4962887,1.0,0.0,0.0
0,17795,1.0679932,1.0,0.0,0.0
0,17796,0.67264356,1.0,0.0,0.0
0,17797,0.24434807,1.0,0.0,0.0
0,17798,-0.18394742,1.0,0.0,0.0
0,17799,-0.24983904,1.0,0.0,0.0
0,17800,-0.11805581,1.0,0.0,0.0
0,17801,-0.052164192,1.0,0.0,0.0
0,17802,1.2656681,1.0,0.0,0.0
0,17803,1.4962887,1.0,0.0,0.0
0,17804,1.2656681,1.0,0.0,0.0
0,17805,0.50791452,1.0,0.0,0.0
0,17806,0.079619035,1.0,0.0,0.0
0,17807,-0.41456807,1.0,0.0,0.0
0,17808,-0.77112208,0.0,0.0,0.0
0,17809,-1.1307485,0.0,0.0,0.0
0,17810,-1.4073842,0.0,0.0,0.0
0,17811,-1.4627114,0.0,0.0,0.0
0,17812,-1.5733657,0.0,0.0,0.0
0,17813,-1.4350478,0.0,0.0,0.0
0,17814,-1.6563564,0.0,0.0,0.0
0,17815,-0.74345851,0.0,0.0,0.0
0,17816,0.50140225,0.0,0.0,0.0
0,17817,1.2483187,0.0,0.0,0.0
0,17818,1.1376644,0.0,0.0,0.0
0,17819,1.165328,0.0,0.0,0.0
0,17820,1.0546737,0.0,0.0,0.0
0,17821,0.72271083,0.0,0.0,0.0
0,17822,0.72271083,0.0,0.0,0.0
0,17823,0.91635583,0.0,0.0,0.0
0,17824,0.9440194,0.0,0.0,0.0
0,17825,0.69504725,0.0,0.0,0.0
0,17826,0.4460751,0.0,0.0,0.0
0,17827,0.28009367,0.0,0.0,0.0
0,17828,0.031121517,0.0,0.0,0.0
0,17829,0.11411224,0.0,0.0,0.0
0,17830,0.22476652,0.0,0.0,0.0
0,17831,-0.024205628,0.0,0.0,0.0
0,17832,-0.75044786,0.0,1.0,0.0
0,17833,-1.0592036,0.0,1.0,0.0
0,17834,-1.2993469,0.0,1.0,0.0
0,17835,-1.6081026,0.0,1.0,0.0
0,17836,-1.676715,0.0,1.0,0.0
0,17837,-1.5394902,0.0,1.0,0.0
0,17838,-1.1278159,0.0,1.0,0.0
0,17839,-0.68183549,0.0,1.0,0.0
0,17840,0.0042882816,0.0,1.0,0.0
0,17841,0.0042882816,0.0,1.0,0.0
0,17842,0.65610585,0.0,1.0,0.0
0,17843,0.69041204,0.0,1.0,0.0
0,17844,0.69041204,0.0,1.0,0.0
0,17845,0.34735016,0.0,1.0,0.0
0,17846,0.0042882816,0.0,1.0,0.0
0,17847,0.10720684,0.0,1.0,0.0
0,17848,0.38165635,0.0,1.0,0.0
0,17849,1.1020863,0.0,1.0,0.0
0,17850,1.1706987,0.0,1.0,0.0
0,17851,1.6852915,0.0,1.0,0.0
0,17852,1.2736172,0.0,1.0,0.0
0,17853,1.0334739,0.0,1.0,0.0
0,17854,0.58749348,0.0,1.0,0.0
0,17855,0.0042882816,0.0,1.0,0.0
0,17856,-1.1518389,0.0,0.0,0.0
0,17857,-1.4171696,0.0,0.0,0.0
0,17858,-1.5830012,0.0,0.0,0.0
0,17859,-1.5166686,0.0,0.0,0.0
0,17860,-1.5332517,0.0,0.0,0.0
0,17861,-1.4005864,0.0,0.0,0.0
0,17862,-1.0357568,0.0,0.0,0.0
0,17863,-0.32268074,0.0,0.0,0.0
0,17864,0.4401448,0.0,0.0,0.0
0,17865,0.9044734,0.0,0.0,0.0
0,17866,1.0205556,0.0,0.0,0.0
0,17867,1.0039724,0.0,0.0,0.0
0,17868,0.97080606,0.0,0.0,0.0
0,17869,0.62255961,0.0,0.0,0.0
0,17870,0.55622695,0.0,0.0,0.0
0,17871,0.78839125,0.0,0.0,0.0
0,17872,0.85472391,0.0,0.0,0.0
0,17873,1.0703051,0.0,0.0,0.0
0,17874,0.92105656,0.0,0.0,0.0
0,17875,0.85472391,0.0,0.0,0.0
0,17876,0.50647746,0.0,0.0,0.0
0,17877,0.17481419,0.0,0.0,0.0
0,17878,-0.22318175,0.0,0.0,0.0
0,17879,-0.50509554,0.0,0.0,0.0
0,17880,-0.68230884,0.0,0.0,0.0
0,17881,-1.1271418,0.0,0.0,0.0
0,17882,-1.4329644,0.0,0.0,0.0
0,17883,-1.5441726,0.0,0.0,0.0
0,17884,-1.5163706,0.0,0.0,0.0
0,17885,-1.4329644,0.0,0.0,0.0
0,17886,-1.6275788,0.0,0.0,0.0
0,17887,-0.71011091,0.0,0.0,0.0
0,17888,0.56878377,0.0,0.0,0.0
0,17889,1.3472414,0.0,0.0,0.0
0,17890,1.2638352,0.0,0.0,0.0
0,17891,1.2360332,0.0,0.0,0.0
0,17892,0.93021053,0.0,0.0,0.0
0,17893,0.70779406,0.0,0.0,0.0
0,17894,0.70779406,0.0,0.0,0.0
0,17895,0.87460641,0.0,0.0,0.0
0,17896,0.87460641,0.0,0.0,0.0
0,17897,0.45757554,0.0,0.0,0.0
0,17898,0.40197142,0.0,0.0,0.0
0,17899,0.17955496,0.0,0.0,0.0
0,17900,-0.070663568,0.0,0.0,0.0
0,17901,0.37416937,0.0,0.0,0.0
0,17902,0.31856525,0.0,0.0,0.0
0,17903,-0.098465628,0.0,0.0,0.0
0,17904,-0.73552071,0.0,0.0,0.0
0,17905,-0.9331233,0.0,0.0,0.0
0,17906,-1.394196,0.0,0.0,0.0
0,17907,-1.5259311,0.0,0.0,0.0
0,17908,-1.5259311,0.0,0.0,0.0
0,17909,-1.394196,0.0,0.0,0.0
0,17910,-0.99899082,0.0,0.0,0.0
0,17911,-1.1307259,0.0,0.0,0.0
0,17912,-0.4720506,0.0,0.0,0.0
0,17913,0.64769735,0.0,0.0,0.0
0,17914,1.5698427,0.0,0.0,0.0
0,17915,1.5039752,0.0,0.0,0.0
0,17916,1.4381077,0.0,0.0,0.0
0,17917,0.64769735,0.0,0.0,0.0
0,17918,0.45009477,0.0,0.0,0.0
0,17919,0.45009477,0.0,0.0,0.0
0,17920,0.77943241,0.0,0.0,0.0
0,17921,0.71356488,0.0,0.0,0.0
0,17922,0.38422725,0.0,0.0,0.0
0,17923,-0.010977912,0.0,0.0,0.0
0,17924,0.2524922,0.0,0.0,0.0
0,17925,0.97703499,0.0,0.0,0.0
0,17926,0.45009477,0.0,0.0,0.0
0,17927,-0.14271297,0.0,0.0,0.0
